Workbook

Sheet Shift Plan GSD DE
H6: PH | CV6: PH | CY6: PH | DX6: PH | EK6: PH | EV6: PH | FF6: LPH | JW6: PH | KZ6: LPH | NB6: PH | NC6: PH
B7: ID | C7: Name | D7: Engagement | E7: Primary Role | F7: Secondary Role | G7: Team Lead | H7: 46023 | I7: 46024 | J7: 46025 | K7: 46026 | L7: 46027 | M7: 46028 | N7: 46029 | O7: 46030 | P7: 46031 | Q7: 46032 | R7: 46033 | S7: 46034 | T7: 46035 | U7: 46036 | V7: 46037 | W7: 46038 | X7: 46039 | Y7: 46040 | Z7: 46041 | AA7: 46042 | AB7: 46043 | AC7: 46044 | AD7: 46045 | AE7: 46046 | AF7: 46047 | AG7: 46048 | AH7: 46049 | AI7: 46050 | AJ7: 46051 | AK7: 46052 | AL7: 46053 | AM7: 46054 | AN7: 46055 | AO7: 46056 | AP7: 46057 | AQ7: 46058 | AR7: 46059 | AS7: 46060 | AT7: 46061 | AU7: 46062 | AV7: 46063 | AW7: 46064 | AX7: 46065 | AY7: 46066 | AZ7: 46067 | BA7: 46068 | BB7: 46069 | BC7: 46070 | BD7: 46071 | BE7: 46072 | BF7: 46073 | BG7: 46074 | BH7: 46075 | BI7: 46076 | BJ7: 46077 | BK7: 46078 | BL7: 46079 | BM7: 46080 | BN7: 46081 | BO7: 46082 | BP7: 46083 | BQ7: 46084 | BR7: 46085 | BS7: 46086 | BT7: 46087 | BU7: 46088 | BV7: 46089 | BW7: 46090 | BX7: 46091 | BY7: 46092 | BZ7: 46093 | CA7: 46094 | CB7: 46095 | CC7: 46096 | CD7: 46097 | CE7: 46098 | CF7: 46099 | CG7: 46100 | CH7: 46101 | CI7: 46102 | CJ7: 46103 | CK7: 46104 | CL7: 46105 | CM7: 46106 | CN7: 46107 | CO7: 46108 | CP7: 46109 | CQ7: 46110 | CR7: 46111 | CS7: 46112 | CT7: 46113 | CU7: 46114 | CV7: 46115 | CW7: 46116 | CX7: 46117 | CY7: 46118 | CZ7: 46119 | DA7: 46120 | DB7: 46121 | DC7: 46122 | DD7: 46123 | DE7: 46124 | DF7: 46125 | DG7: 46126 | DH7: 46127 | DI7: 46128 | DJ7: 46129 | DK7: 46130 | DL7: 46131 | DM7: 46132 | DN7: 46133 | DO7: 46134 | DP7: 46135 | DQ7: 46136 | DR7: 46137 | DS7: 46138 | DT7: 46139 | DU7: 46140 | DV7: 46141 | DW7: 46142 | DX7: 46143 | DY7: 46144 | DZ7: 46145 | EA7: 46146 | EB7: 46147 | EC7: 46148 | ED7: 46149 | EE7: 46150 | EF7: 46151 | EG7: 46152 | EH7: 46153 | EI7: 46154 | EJ7: 46155 | EK7: 46156 | EL7: 46157 | EM7: 46158 | EN7: 46159 | EO7: 46160 | EP7: 46161 | EQ7: 46162 | ER7: 46163 | ES7: 46164 | ET7: 46165 | EU7: 46166 | EV7: 46167 | EW7: 46168 | EX7: 46169 | EY7: 46170 | EZ7: 46171 | FA7: 46172 | FB7: 46173 | FC7: 46174 | FD7: 46175 | FE7: 46176 | FF7: 46177 | FG7: 46178 | FH7: 46179 | FI7: 46180 | FJ7: 46181 | FK7: 46182 | FL7: 46183 | FM7: 46184 | FN7: 46185 | FO7: 46186 | FP7: 46187 | FQ7: 46188 | FR7: 46189 | FS7: 46190 | FT7: 46191 | FU7: 46192 | FV7: 46193 | FW7: 46194 | FX7: 46195 | FY7: 46196 | FZ7: 46197 | GA7: 46198 | GB7: 46199 | GC7: 46200 | GD7: 46201 | GE7: 46202 | GF7: 46203 | GG7: 46204 | GH7: 46205 | GI7: 46206 | GJ7: 46207 | GK7: 46208 | GL7: 46209 | GM7: 46210 | GN7: 46211 | GO7: 46212 | GP7: 46213 | GQ7: 46214 | GR7: 46215 | GS7: 46216 | GT7: 46217 | GU7: 46218 | GV7: 46219 | GW7: 46220 | GX7: 46221 | GY7: 46222 | GZ7: 46223 | HA7: 46224 | HB7: 46225 | HC7: 46226 | HD7: 46227 | HE7: 46228 | HF7: 46229 | HG7: 46230 | HH7: 46231 | HI7: 46232 | HJ7: 46233 | HK7: 46234 | HL7: 46235 | HM7: 46236 | HN7: 46237 | HO7: 46238 | HP7: 46239 | HQ7: 46240 | HR7: 46241 | HS7: 46242 | HT7: 46243 | HU7: 46244 | HV7: 46245 | HW7: 46246 | HX7: 46247 | HY7: 46248 | HZ7: 46249 | IA7: 46250 | IB7: 46251 | IC7: 46252 | ID7: 46253 | IE7: 46254 | IF7: 46255 | IG7: 46256 | IH7: 46257 | II7: 46258 | IJ7: 46259 | IK7: 46260 | IL7: 46261 | IM7: 46262 | IN7: 46263 | IO7: 46264 | IP7: 46265 | IQ7: 46266 | IR7: 46267 | IS7: 46268 | IT7: 46269 | IU7: 46270 | IV7: 46271 | IW7: 46272 | IX7: 46273 | IY7: 46274 | IZ7: 46275 | JA7: 46276 | JB7: 46277 | JC7: 46278 | JD7: 46279 | JE7: 46280 | JF7: 46281 | JG7: 46282 | JH7: 46283 | JI7: 46284 | JJ7: 46285 | JK7: 46286 | JL7: 46287 | JM7: 46288 | JN7: 46289 | JO7: 46290 | JP7: 46291 | JQ7: 46292 | JR7: 46293 | JS7: 46294 | JT7: 46295 | JU7: 46296 | JV7: 46297 | JW7: 46298 | JX7: 46299 | JY7: 46300 | JZ7: 46301 | KA7: 46302 | KB7: 46303 | KC7: 46304 | KD7: 46305 | KE7: 46306 | KF7: 46307 | KG7: 46308 | KH7: 46309 | KI7: 46310 | KJ7: 46311 | KK7: 46312 | KL7: 46313 | KM7: 46314 | KN7: 46315 | KO7: 46316 | KP7: 46317 | KQ7: 46318 | KR7: 46319 | KS7: 46320 | KT7: 46321 | KU7: 46322 | KV7: 46323 | KW7: 46324 | KX7: 46325 | KY7: 46326 | KZ7: 46327 | LA7: 46328 | LB7: 46329 | LC7: 46330 | LD7: 46331 | LE7: 46332 | LF7: 46333 | LG7: 46334 | LH7: 46335 | LI7: 46336 | LJ7: 46337 | LK7: 46338 | LL7: 46339 | LM7: 46340 | LN7: 46341 | LO7: 46342 | LP7: 46343 | LQ7: 46344 | LR7: 46345 | LS7: 46346 | LT7: 46347 | LU7: 46348 | LV7: 46349 | LW7: 46350 | LX7: 46351 | LY7: 46352 | LZ7: 46353 | MA7: 46354 | MB7: 46355 | MC7: 46356 | MD7: 46357 | ME7: 46358 | MF7: 46359 | MG7: 46360 | MH7: 46361 | MI7: 46362 | MJ7: 46363 | MK7: 46364 | ML7: 46365 | MM7: 46366 | MN7: 46367 | MO7: 46368 | MP7: 46369 | MQ7: 46370 | MR7: 46371 | MS7: 46372 | MT7: 46373 | MU7: 46374 | MV7: 46375 | MW7: 46376 | MX7: 46377 | MY7: 46378 | MZ7: 46379 | NA7: 46380 | NB7: 46381 | NC7: 46382 | ND7: 46383 | NE7: 46384 | NF7: 46385 | NG7: 46386 | NH7: 46387
H8: Thursday | I8: Friday | J8: Saturday | K8: Sunday | L8: Monday | M8: Tuesday | N8: Wednesday | O8: Thursday | P8: Friday | Q8: Saturday | R8: Sunday | S8: Monday | T8: Tuesday | U8: Wednesday | V8: Thursday | W8: Friday | X8: Saturday | Y8: Sunday | Z8: Monday | AA8: Tuesday | AB8: Wednesday | AC8: Thursday | AD8: Friday | AE8: Saturday | AF8: Sunday | AG8: Monday | AH8: Tuesday | AI8: Wednesday | AJ8: Thursday | AK8: Friday | AL8: Saturday | AM8: Sunday | AN8: Monday | AO8: Tuesday | AP8: Wednesday | AQ8: Thursday | AR8: Friday | AS8: Saturday | AT8: Sunday | AU8: Monday | AV8: Tuesday | AW8: Wednesday | AX8: Thursday | AY8: Friday | AZ8: Saturday | BA8: Sunday | BB8: Monday | BC8: Tuesday | BD8: Wednesday | BE8: Thursday | BF8: Friday | BG8: Saturday | BH8: Sunday | BI8: Monday | BJ8: Tuesday | BK8: Wednesday | BL8: Thursday | BM8: Friday | BN8: Saturday | BO8: Sunday | BP8: Monday | BQ8: Tuesday | BR8: Wednesday | BS8: Thursday | BT8: Friday | BU8: Saturday | BV8: Sunday | BW8: Monday | BX8: Tuesday | BY8: Wednesday | BZ8: Thursday | CA8: Friday | CB8: Saturday | CC8: Sunday | CD8: Monday | CE8: Tuesday | CF8: Wednesday | CG8: Thursday | CH8: Friday | CI8: Saturday | CJ8: Sunday | CK8: Monday | CL8: Tuesday | CM8: Wednesday | CN8: Thursday | CO8: Friday | CP8: Saturday | CQ8: Sunday | CR8: Monday | CS8: Tuesday | CT8: Wednesday | CU8: Thursday | CV8: Friday | CW8: Saturday | CX8: Sunday | CY8: Monday | CZ8: Tuesday | DA8: Wednesday | DB8: Thursday | DC8: Friday | DD8: Saturday | DE8: Sunday | DF8: Monday | DG8: Tuesday | DH8: Wednesday | DI8: Thursday | DJ8: Friday | DK8: Saturday | DL8: Sunday | DM8: Monday | DN8: Tuesday | DO8: Wednesday | DP8: Thursday | DQ8: Friday | DR8: Saturday | DS8: Sunday | DT8: Monday | DU8: Tuesday | DV8: Wednesday | DW8: Thursday | DX8: Friday | DY8: Saturday | DZ8: Sunday | EA8: Monday | EB8: Tuesday | EC8: Wednesday | ED8: Thursday | EE8: Friday | EF8: Saturday | EG8: Sunday | EH8: Monday | EI8: Tuesday | EJ8: Wednesday | EK8: Thursday | EL8: Friday | EM8: Saturday | EN8: Sunday | EO8: Monday | EP8: Tuesday | EQ8: Wednesday | ER8: Thursday | ES8: Friday | ET8: Saturday | EU8: Sunday | EV8: Monday | EW8: Tuesday | EX8: Wednesday | EY8: Thursday | EZ8: Friday | FA8: Saturday | FB8: Sunday | FC8: Monday | FD8: Tuesday | FE8: Wednesday | FF8: Thursday | FG8: Friday | FH8: Saturday | FI8: Sunday | FJ8: Monday | FK8: Tuesday | FL8: Wednesday | FM8: Thursday | FN8: Friday | FO8: Saturday | FP8: Sunday | FQ8: Monday | FR8: Tuesday | FS8: Wednesday | FT8: Thursday | FU8: Friday | FV8: Saturday | FW8: Sunday | FX8: Monday | FY8: Tuesday | FZ8: Wednesday | GA8: Thursday | GB8: Friday | GC8: Saturday | GD8: Sunday | GE8: Monday | GF8: Tuesday | GG8: Wednesday | GH8: Thursday | GI8: Friday | GJ8: Saturday | GK8: Sunday | GL8: Monday | GM8: Tuesday | GN8: Wednesday | GO8: Thursday | GP8: Friday | GQ8: Saturday | GR8: Sunday | GS8: Monday | GT8: Tuesday | GU8: Wednesday | GV8: Thursday | GW8: Friday | GX8: Saturday | GY8: Sunday | GZ8: Monday | HA8: Tuesday | HB8: Wednesday | HC8: Thursday | HD8: Friday | HE8: Saturday | HF8: Sunday | HG8: Monday | HH8: Tuesday | HI8: Wednesday | HJ8: Thursday | HK8: Friday | HL8: Saturday | HM8: Sunday | HN8: Monday | HO8: Tuesday | HP8: Wednesday | HQ8: Thursday | HR8: Friday | HS8: Saturday | HT8: Sunday | HU8: Monday | HV8: Tuesday | HW8: Wednesday | HX8: Thursday | HY8: Friday | HZ8: Saturday | IA8: Sunday | IB8: Monday | IC8: Tuesday | ID8: Wednesday | IE8: Thursday | IF8: Friday | IG8: Saturday | IH8: Sunday | II8: Monday | IJ8: Tuesday | IK8: Wednesday | IL8: Thursday | IM8: Friday | IN8: Saturday | IO8: Sunday | IP8: Monday | IQ8: Tuesday | IR8: Wednesday | IS8: Thursday | IT8: Friday | IU8: Saturday | IV8: Sunday | IW8: Monday | IX8: Tuesday | IY8: Wednesday | IZ8: Thursday | JA8: Friday | JB8: Saturday | JC8: Sunday | JD8: Monday | JE8: Tuesday | JF8: Wednesday | JG8: Thursday | JH8: Friday | JI8: Saturday | JJ8: Sunday | JK8: Monday | JL8: Tuesday | JM8: Wednesday | JN8: Thursday | JO8: Friday | JP8: Saturday | JQ8: Sunday | JR8: Monday | JS8: Tuesday | JT8: Wednesday | JU8: Thursday | JV8: Friday | JW8: Saturday | JX8: Sunday | JY8: Monday | JZ8: Tuesday | KA8: Wednesday | KB8: Thursday | KC8: Friday | KD8: Saturday | KE8: Sunday | KF8: Monday | KG8: Tuesday | KH8: Wednesday | KI8: Thursday | KJ8: Friday | KK8: Saturday | KL8: Sunday | KM8: Monday | KN8: Tuesday | KO8: Wednesday | KP8: Thursday | KQ8: Friday | KR8: Saturday | KS8: Sunday | KT8: Monday | KU8: Tuesday | KV8: Wednesday | KW8: Thursday | KX8: Friday | KY8: Saturday | KZ8: Sunday | LA8: Monday | LB8: Tuesday | LC8: Wednesday | LD8: Thursday | LE8: Friday | LF8: Saturday | LG8: Sunday | LH8: Monday | LI8: Tuesday | LJ8: Wednesday | LK8: Thursday | LL8: Friday | LM8: Saturday | LN8: Sunday | LO8: Monday | LP8: Tuesday | LQ8: Wednesday | LR8: Thursday | LS8: Friday | LT8: Saturday | LU8: Sunday | LV8: Monday | LW8: Tuesday | LX8: Wednesday | LY8: Thursday | LZ8: Friday | MA8: Saturday | MB8: Sunday | MC8: Monday | MD8: Tuesday | ME8: Wednesday | MF8: Thursday | MG8: Friday | MH8: Saturday | MI8: Sunday | MJ8: Monday | MK8: Tuesday | ML8: Wednesday | MM8: Thursday | MN8: Friday | MO8: Saturday | MP8: Sunday | MQ8: Monday | MR8: Tuesday | MS8: Wednesday | MT8: Thursday | MU8: Friday | MV8: Saturday | MW8: Sunday | MX8: Monday | MY8: Tuesday | MZ8: Wednesday | NA8: Thursday | NB8: Friday | NC8: Saturday | ND8: Sunday | NE8: Monday | NF8: Tuesday | NG8: Wednesday | NH8: Thursday
A9: 1 | B9: 9074584 | C9: Teresa Kwasniewska | D9: Full Time | E9: Voice | F9: Voice | G9: Jaroslaw Brzeszkiewicz | H9: PH | I9: 06:00 - 15:00 | J9: OFFWE | K9: OFFWE | L9: 06:00 - 15:00 | M9: 06:00 - 15:00 | N9: 06:00 - 15:00 | O9: 06:00 - 15:00 | P9: 06:00 - 15:00 | Q9: OFFWE | R9: OFFWE | S9: 06:00 - 15:00 | T9: 06:00 - 15:00 | U9: 06:00 - 15:00 | V9: 06:00 - 15:00 | W9: AL | X9: OFFWE | Y9: OFFWE | Z9: AL | AA9: AL | AB9: AL | AC9: AL | AD9: AL | AE9: OFFWE | AF9: OFFWE | AG9: AL | AH9: 06:00 - 15:00 | AI9: 06:00 - 15:00 | AJ9: 06:00 - 15:00 | AK9: 06:00 - 15:00 | AL9: OFFWE | AM9: OFFWE | AN9: 06:00 - 15:00 | AO9: 06:00 - 15:00 | AP9: 06:00 - 15:00 | AQ9: 06:00 - 15:00 | AR9: 06:00 - 15:00 | AS9: OFFWE | AT9: OFFWE | AU9: 06:00 - 15:00 | AV9: 06:00 - 15:00 | AW9: 06:00 - 15:00 | AX9: HSL * | AY9: SL | AZ9: OFFWE | BA9: OFFWE | BB9: 06:00 - 15:00 | BC9: 06:00 - 15:00 | BD9: 06:00 - 15:00 | BE9: 06:00 - 15:00 | BF9: 06:00 - 15:00 | BG9: OFFWE | BH9: OFFWE | BI9: 06:00 - 15:00 | BJ9: 06:00 - 15:00 | BK9: 06:00 - 15:00 | BL9: 06:00 - 15:00 | BM9: 06:00 - 15:00 | BN9: OFFWE | BO9: OFFWE | BP9: 06:00 - 15:00 | BQ9: 06:00 - 15:00 | BR9: 06:00 - 15:00 | BS9: 06:00 - 15:00 | BT9: 06:00 - 15:00 | BU9: OFFWE | BV9: OFFWE | BW9: 06:00 - 15:00 | BX9: 06:00 - 15:00 | BY9: 06:00 - 15:00 | BZ9: 06:00 - 15:00 | CA9: 06:00 - 15:00 | CB9: OFFWE | CC9: OFFWE | CD9: 06:00 - 15:00 | CE9: 06:00 - 15:00 | CF9: 06:00 - 15:00 | CG9: 06:00 - 15:00 | CH9: 06:00 - 15:00 | CI9: OFFWE | CJ9: OFFWE | CK9: 06:00 - 15:00 | CL9: 06:00 - 15:00 | CM9: 06:00 - 15:00 | CN9: 06:00 - 15:00 | CO9: 06:00 - 15:00 | CP9: OFFWE | CQ9: OFFWE | CR9: 06:00 - 15:00 | CS9: 06:00 - 15:00 | CT9: 06:00 - 15:00 | CU9: 06:00 - 15:00 | CV9: PH | CW9: OFFWE | CX9: OFFWE | CY9: PH | CZ9: 06:00 - 15:00 | DA9: 06:00 - 15:00 | DB9: 06:00 - 15:00 | DC9: 06:00 - 15:00 | DD9: OFFWE | DE9: OFFWE | DF9: AL | DG9: AL | DH9: AL | DI9: AL | DJ9: AL | DK9: OFFWE | DL9: OFFWE | DM9: 06:00 - 15:00 | DN9: 06:00 - 15:00 | DO9: 06:00 - 15:00 | DP9: 06:00 - 15:00 | DQ9: 06:00 - 15:00 | DR9: OFFWE | DS9: OFFWE | DT9: 06:00 - 15:00 | DU9: 06:00 - 15:00 | DV9: 06:00 - 15:00 | DW9: 06:00 - 15:00 | DX9: PH | DY9: OFFWE | DZ9: OFFWE | EA9: 06:00 - 15:00 | EB9: 06:00 - 15:00 | EC9: 06:00 - 15:00 | ED9: 06:00 - 15:00 | EE9: 06:00 - 15:00 | EF9: OFFWE | EG9: OFFWE | EH9: SL | EI9: SL | EJ9: 06:00 - 15:00 | EK9: PH | EL9: 06:00 - 15:00 | EM9: OFFWE | EN9: OFFWE | EO9: 06:00 - 15:00 | EP9: 06:00 - 15:00 | EQ9: 06:00 - 15:00 | ER9: 06:00 - 15:00 | ES9: 06:00 - 15:00 | ET9: OFFWE | EU9: OFFWE | EV9: PH | EW9: 06:00 - 15:00 | EX9: 06:00 - 15:00 | EY9: 06:00 - 15:00 | EZ9: 06:00 - 15:00 | FA9: OFFWE | FB9: OFFWE | FC9: 06:00 - 15:00 | FD9: 06:00 - 15:00 | FE9: 06:00 - 15:00 | FF9: LPH | FG9: 06:00 - 15:00 | FH9: OFFWE | FI9: OFFWE
A10: 2 | B10: 9074334 | C10: Aleksandrina Dencheva | D10: Full Time | E10: Voice | F10: Voice | G10: Delia Panaitescu | H10: PH | I10: OFF | J10: 22:00 - 07:00 | K10: 22:00 - 07:00 | L10: 22:00 - 07:00 | M10: 22:00 - 07:00 | N10: 22:00 - 07:00 | O10: OFF | P10: OFF | Q10: 13:00 - 22:00 | R10: 13:00 - 22:00 | S10: OFF | T10: OFF | U10: 10:00 - 19:00 | V10: 10:00 - 19:00 | W10: 10:00 - 19:00 | X10: 13:00 - 22:00 | Y10: 13:00 - 22:00 | Z10: OFF | AA10: OFF | AB10: 10:00 - 19:00 | AC10: 22:00 - 07:00 | AD10: 22:00 - 07:00 | AE10: 22:00 - 07:00 | AF10: 22:00 - 07:00 | AG10: OFF | AH10: 10:00 - 19:00 | AI10: 10:00 - 19:00 | AJ10: 10:00 - 19:00 | AK10: 10:00 - 19:00 | AL10: OFFWE | AM10: 13:00 - 22:00 | AN10: 10:00 - 19:00 | AO10: 10:00 - 19:00 | AP10: 10:00 - 19:00 | AQ10: OFF | AR10: OFF | AS10: 13:00 - 22:00 | AT10: 13:00 - 22:00 | AU10: 22:00 - 07:00 | AV10: 22:00 - 07:00 | AW10: 22:00 - 07:00 | AX10: OFF | AY10: OFF | AZ10: 13:00 - 22:00 | BA10: 13:00 - 22:00 | BB10: 10:00 - 19:00 | BC10: 10:00 - 19:00 | BD10: 10:00 - 19:00 | BE10: OFF | BF10: 08:00 - 17:00 | BG10: 13:00 - 22:00 | BH10: OFFWE | BI10: OFF | BJ10: 10:00 - 19:00 | BK10: 10:00 - 19:00 | BL10: OFF | BM10: 22:00 - 07:00 | BN10: 22:00 - 07:00 | BO10: 22:00 - 07:00 | BP10: 22:00 - 07:00 | BQ10: 22:00 - 07:00 | BR10: OFF | BS10: 08:00 - 17:00 | BT10: 08:00 - 17:00 | BU10: 13:00 - 22:00 | BV10: OFFWE | BW10: 08:00 - 17:00 | BX10: 08:00 - 17:00 | BY10: 08:00 - 17:00 | BZ10: OFF | CA10: OFF | CB10: 13:00 - 22:00 | CC10: 13:00 - 22:00 | CD10: 22:00 - 07:00 | CE10: 22:00 - 07:00 | CF10: 22:00 - 07:00 | CG10: OFF | CH10: SL | CI10: 13:00 - 22:00 | CJ10: OFFWE | CK10: 13:00 - 22:00 | CL10: 13:00 - 22:00 | CM10: 13:00 - 22:00 | CN10: 13:00 - 22:00 | CO10: OFF | CP10: OFFWE | CQ10: 13:00 - 22:00 | CR10: OFF | CS10: 22:00 - 07:00 | CT10: 22:00 - 07:00 | CU10: 22:00 - 07:00 | CV10: 22:00 - 07:00 | CW10: 22:00 - 07:00 | CX10: OFFWE | CY10: PH | CZ10: 08:00 - 17:00 | DA10: 08:00 - 17:00 | DB10: 08:00 - 17:00 | DC10: OFF | DD10: 13:00 - 22:00 | DE10: 13:00 - 22:00 | DF10: 22:00 - 07:00 | DG10: 22:00 - 07:00 | DH10: 22:00 - 07:00 | DI10: OFF | DJ10: OFF | DK10: 13:00 - 22:00 | DL10: 13:00 - 22:00 | DM10: CD | DN10: 08:00 - 17:00 | DO10: 08:00 - 17:00 | DP10: OFF | DQ10: OFF | DR10: 13:00 - 22:00 | DS10: 13:00 - 22:00 | DT10: 22:00 - 07:00 | DU10: 22:00 - 07:00 | DV10: 22:00 - 07:00 | DW10: OFF | DX10: PH | DY10: 13:00 - 22:00 | DZ10: 13:00 - 22:00 | EA10: OFF | EB10: 08:00 - 17:00 | EC10: 08:00 - 17:00 | ED10: 08:00 - 17:00 | EE10: 08:00 - 17:00 | EF10: OFF | EG10: 13:00 - 22:00 | EH10: 06:00 - 15:00 | EI10: 06:00 - 15:00 | EJ10: 06:00 - 15:00 | EK10: 13:00 - 22:00 | EL10: OFF | EM10: 22:00 - 07:00 | EN10: 22:00 - 07:00 | EO10: 22:00 - 07:00 | EP10: 22:00 - 07:00 | EQ10: 22:00 - 07:00 | ER10: OFF | ES10: 08:00 - 17:00 | ET10: OFFWE | EU10: OFFWE | EV10: PH | EW10: OFF | EX10: 08:00 - 17:00 | EY10: 08:00 - 17:00 | EZ10: 08:00 - 17:00 | FA10: 13:00 - 22:00 | FB10: 13:00 - 22:00 | FC10: OFF | FD10: 07:00 - 16:00 | FE10: 07:00 - 16:00 | FF10: LPH | FG10: 22:00 - 07:00 | FH10: 22:00 - 07:00 | FI10: 22:00 - 07:00 | FJ10: 22:00 - 07:00 | FK10: 22:00 - 07:00 | GA10: 22:00 - 07:00 | GB10: 22:00 - 07:00 | GC10: 22:00 - 07:00 | GD10: 22:00 - 07:00 | GE10: 22:00 - 07:00
A11: 3 | B11: 9074375 | C11: Elena Schlosser | D11: Full Time | E11: Voice | F11: Voice | G11: Karlo Coric | H11: PH | I11: 07:00 - 16:00 | J11: 07:00 - 16:00 | K11: 07:00 - 16:00 | L11: 07:00 - 16:00 | M11: 07:00 - 16:00 | N11: OFF | O11: OFF | P11: 07:00 - 16:00 | Q11: 07:00 - 16:00 | R11: OFFWE | S11: HAL * | T11: 07:00 - 16:00 | U11: OFF | V11: 07:00 - 16:00 | W11: 07:00 - 16:00 | X11: 07:00 - 16:00 | Y11: OFFWE | Z11: 07:00 - 16:00 | AA11: 07:00 - 16:00 | AB11: OFF | AC11: 07:00 - 16:00 | AD11: 07:00 - 16:00 | AE11: 07:00 - 16:00 | AF11: OFFWE | AG11: 07:00 - 16:00 | AH11: 07:00 - 16:00 | AI11: OFF | AJ11: 07:00 - 16:00 | AK11: 07:00 - 16:00 | AL11: 07:00 - 16:00 | AM11: OFFWE | AN11: 07:00 - 16:00 | AO11: 07:00 - 16:00 | AP11: OFF | AQ11: 07:00 - 16:00 | AR11: 07:00 - 16:00 | AS11: 07:00 - 16:00 | AT11: OFFWE | AU11: 07:00 - 16:00 | AV11: 07:00 - 16:00 | AW11: OFF | AX11: 07:00 - 16:00 | AY11: 07:00 - 16:00 | AZ11: 07:00 - 16:00 | BA11: OFFWE | BB11: 07:00 - 16:00 | BC11: 07:00 - 16:00 | BD11: OFF | BE11: 07:00 - 16:00 | BF11: 07:00 - 16:00 | BG11: 07:00 - 16:00 | BH11: OFFWE | BI11: 07:00 - 16:00 | BJ11: 07:00 - 16:00 | BK11: OFF | BL11: 07:00 - 16:00 | BM11: 07:00 - 16:00 | BN11: 07:00 - 16:00 | BO11: OFFWE | BP11: 07:00 - 16:00 | BQ11: 07:00 - 16:00 | BR11: OFF | BS11: 07:00 - 16:00 | BT11: 07:00 - 16:00 | BU11: 07:00 - 16:00 | BV11: OFFWE | BW11: 07:00 - 16:00 | BX11: 07:00 - 16:00 | BY11: OFF | BZ11: 07:00 - 16:00 | CA11: 07:00 - 16:00 | CB11: 07:00 - 16:00 | CC11: OFFWE | CD11: 07:00 - 16:00 | CE11: 07:00 - 16:00 | CF11: OFF | CG11: 07:00 - 16:00 | CH11: 07:00 - 16:00 | CI11: 07:00 - 16:00 | CJ11: OFFWE | CK11: 07:00 - 16:00 | CL11: HAL * | CM11: OFF | CN11: 07:00 - 16:00 | CO11: 07:00 - 16:00 | CP11: 07:00 - 16:00 | CQ11: OFFWE | CR11: 07:00 - 16:00 | CS11: 07:00 - 16:00 | CT11: OFF | CU11: 07:00 - 16:00 | CV11: 07:00 - 16:00 | CW11: 07:00 - 16:00 | CX11: OFFWE | CY11: 07:00 - 16:00 | CZ11: 07:00 - 16:00 | DA11: OFF | DB11: 07:00 - 16:00 | DC11: 07:00 - 16:00 | DD11: 07:00 - 16:00 | DE11: OFFWE | DF11: 07:00 - 16:00 | DG11: 07:00 - 16:00 | DH11: OFF | DI11: 07:00 - 16:00 | DJ11: 07:00 - 16:00 | DK11: 07:00 - 16:00 | DL11: OFFWE | DM11: AL | DN11: AL | DO11: OFF | DP11: CD | DQ11: AL | DR11: OFFWE | DS11: OFFWE | DT11: AL | DU11: CD | DV11: OFF | DW11: 07:00 - 16:00 | DX11: 07:00 - 16:00 | DY11: OFFWE | DZ11: OFFWE | EA11: 07:00 - 16:00 | EB11: 07:00 - 16:00 | EC11: 07:00 - 16:00 | ED11: OFF | EE11: OFF | EF11: 07:00 - 16:00 | EG11: 07:00 - 16:00 | EH11: OFF | EI11: 07:00 - 16:00 | EJ11: 07:00 - 16:00 | EK11: 07:00 - 16:00 | EL11: CD | EM11: 07:00 - 16:00 | EN11: OFF | EO11: 07:00 - 16:00 | EP11: 07:00 - 16:00 | EQ11: 07:00 - 16:00 | ER11: OFF | ES11: OFF | ET11: 07:00 - 16:00 | EU11: 07:00 - 16:00 | EV11: PH | EW11: 07:00 - 16:00 | EX11: 07:00 - 16:00 | EY11: 07:00 - 16:00 | EZ11: 07:00 - 16:00 | FA11: 07:00 - 16:00 | FB11: OFFWE | FC11: 07:00 - 16:00 | FD11: 07:00 - 16:00 | FE11: OFF | FF11: LPH | FG11: 07:00 - 16:00 | FH11: 07:00 - 16:00 | FI11: 07:00 - 16:00
A12: 4 | B12: 9074535 | C12: Lubomir Stoyanov | D12: Full Time | E12: Voice | F12: Voice | G12: Delia Panaitescu | H12: 22:00 - 07:00 | I12: 22:00 - 07:00 | J12: OFFWE | K12: OFFWE | L12: 06:00 - 15:00 | M12: CD | N12: CD | O12: 22:00 - 07:00 | P12: 22:00 - 07:00 | Q12: 22:00 - 07:00 | R12: 22:00 - 07:00 | S12: CD | T12: 06:00 - 15:00 | U12: 06:00 - 15:00 | V12: 06:00 - 15:00 | W12: 06:00 - 15:00 | X12: OFFWE | Y12: OFFWE | Z12: 06:00 - 15:00 | AA12: 06:00 - 15:00 | AB12: 06:00 - 15:00 | AC12: 06:00 - 15:00 | AD12: 06:00 - 15:00 | AE12: OFFWE | AF12: OFFWE | AG12: 22:00 - 07:00 | AH12: 22:00 - 07:00 | AI12: 22:00 - 07:00 | AJ12: 22:00 - 07:00 | AK12: 22:00 - 07:00 | AL12: OFFWE | AM12: OFFWE | AN12: 06:00 - 15:00 | AO12: AL | AP12: 07:00 - 16:00 | AQ12: 06:00 - 15:00 | AR12: AL | AS12: OFFWE | AT12: OFFWE | AU12: 06:00 - 15:00 | AV12: AL | AW12: 06:00 - 15:00 | AX12: 06:00 - 15:00 | AY12: 06:00 - 15:00 | AZ12: OFFWE | BA12: OFFWE | BB12: OFF | BC12: AL | BD12: 22:00 - 07:00 | BE12: 22:00 - 07:00 | BF12: 22:00 - 07:00 | BG12: 22:00 - 07:00 | BH12: 22:00 - 07:00 | BI12: OFF | BJ12: AL | BK12: 06:00 - 15:00 | BL12: 06:00 - 15:00 | BM12: 06:00 - 15:00 | BN12: OFFWE | BO12: OFFWE | BP12: 06:00 - 15:00 | BQ12: AL | BR12: 06:00 - 15:00 | BS12: 06:00 - 15:00 | BT12: 06:00 - 15:00 | BU12: OFFWE | BV12: 07:00 - 16:00 | BW12: OFF | BX12: AL | BY12: 22:00 - 07:00 | BZ12: 22:00 - 07:00 | CA12: 22:00 - 07:00 | CB12: 22:00 - 07:00 | CC12: OFFWE | CD12: OFF | CE12: AL | CF12: 06:00 - 15:00 | CG12: 06:00 - 15:00 | CH12: OFF | CI12: OFFWE | CJ12: 07:00 - 16:00 | CK12: 06:00 - 15:00 | CL12: AL | CM12: 06:00 - 15:00 | CN12: OFF | CO12: 06:00 - 15:00 | CP12: 22:00 - 07:00 | CQ12: 22:00 - 07:00 | CR12: 22:00 - 07:00 | CS12: AL | CT12: 06:00 - 15:00 | CU12: 06:00 - 15:00 | CV12: PH | CW12: OFFWE | CX12: 07:00 - 16:00 | CY12: 22:00 - 07:00 | CZ12: AL | DA12: 07:00 - 16:00 | DB12: OFF | DC12: 06:00 - 15:00 | DD12: 22:00 - 07:00 | DE12: 22:00 - 07:00 | DF12: CD | DG12: AL | DH12: 06:00 - 15:00 | DI12: 22:00 - 07:00 | DJ12: 22:00 - 07:00 | DK12: OFFWE | DL12: OFFWE | DM12: 06:00 - 15:00 | DN12: OFF | DO12: OFF | DP12: 06:00 - 15:00 | DQ12: 22:00 - 07:00 | DR12: 22:00 - 07:00 | DS12: 22:00 - 07:00 | DT12: OFF | DU12: SL | DV12: 07:00 - 16:00 | DW12: 06:00 - 15:00 | DX12: 22:00 - 07:00 | DY12: 22:00 - 07:00 | DZ12: OFFWE | EA12: 06:00 - 15:00 | EB12: 06:00 - 15:00 | EC12: 06:00 - 15:00 | ED12: 06:00 - 15:00 | EE12: 06:00 - 15:00 | EF12: OFFWE | EG12: OFFWE | EH12: 22:00 - 07:00 | EI12: 22:00 - 07:00 | EJ12: 22:00 - 07:00 | EK12: 22:00 - 07:00 | EL12: 22:00 - 07:00 | EM12: OFFWE | EN12: OFFWE | EO12: 06:00 - 15:00 | EP12: 06:00 - 15:00 | EQ12: 06:00 - 15:00 | ER12: 06:00 - 15:00 | ES12: 06:00 - 15:00 | ET12: OFFWE | EU12: OFFWE | EV12: PH | EW12: OFF | EX12: 22:00 - 07:00 | EY12: 22:00 - 07:00 | EZ12: 22:00 - 07:00 | FA12: 22:00 - 07:00 | FB12: 22:00 - 07:00 | FC12: OFF | FD12: 06:00 - 15:00 | FE12: 06:00 - 15:00 | FF12: 06:00 - 15:00 | FG12: 06:00 - 15:00 | FH12: OFFWE | FI12: OFFWE | FJ12: AL | FK12: AL | FL12: AL | FM12: AL | FQ12: 22:00 - 07:00 | FR12: 22:00 - 07:00 | FS12: 22:00 - 07:00 | FT12: 22:00 - 07:00 | FU12: 22:00 - 07:00 | IB12: AL | IC12: AL | ID12: AL | IE12: AL | IF12: AL | II12: AL
A13: 5 | B13: 9074356 | C13: Christian Koch | D13: Full Time | E13: Voice | F13: Voice | G13: Tobias Rossberg | H13: 13:00 - 22:00 | I13: CD | J13: OFFWE | K13: OFFWE | L13: 13:00 - 22:00 | M13: 13:00 - 22:00 | N13: 13:00 - 22:00 | O13: 13:00 - 22:00 | P13: CD | Q13: OFFWE | R13: OFFWE | S13: 13:00 - 22:00 | T13: 13:00 - 22:00 | U13: 13:00 - 22:00 | V13: 13:00 - 22:00 | W13: 13:00 - 22:00 | X13: OFFWE | Y13: OFFWE | Z13: 13:00 - 22:00 | AA13: 13:00 - 22:00 | AB13: 13:00 - 22:00 | AC13: 13:00 - 22:00 | AD13: 13:00 - 22:00 | AE13: OFFWE | AF13: OFFWE | AG13: CD | AH13: 13:00 - 22:00 | AI13: 13:00 - 22:00 | AJ13: 13:00 - 22:00 | AK13: 13:00 - 22:00 | AL13: OFFWE | AM13: OFFWE | AN13: 13:00 - 22:00 | AO13: 13:00 - 22:00 | AP13: 13:00 - 22:00 | AQ13: 13:00 - 22:00 | AR13: 13:00 - 22:00 | AS13: OFFWE | AT13: OFFWE | AU13: 13:00 - 22:00 | AV13: 13:00 - 22:00 | AW13: 13:00 - 22:00 | AX13: 13:00 - 22:00 | AY13: 13:00 - 22:00 | AZ13: OFFWE | BA13: OFFWE | BB13: 13:00 - 22:00 | BC13: 13:00 - 22:00 | BD13: 13:00 - 22:00 | BE13: 13:00 - 22:00 | BF13: 13:00 - 22:00 | BG13: OFFWE | BH13: OFFWE | BI13: 13:00 - 22:00 | BJ13: 13:00 - 22:00 | BK13: 13:00 - 22:00 | BL13: 13:00 - 22:00 | BM13: 13:00 - 22:00 | BN13: OFFWE | BO13: OFFWE | BP13: 13:00 - 22:00 | BQ13: 13:00 - 22:00 | BR13: 13:00 - 22:00 | BS13: 13:00 - 22:00 | BT13: 13:00 - 22:00 | BU13: OFFWE | BV13: OFFWE | BW13: SL | BX13: SL | BY13: SL | BZ13: SL | CA13: SL | CB13: OFFWE | CC13: OFFWE | CD13: 13:00 - 22:00 | CE13: 13:00 - 22:00 | CF13: 13:00 - 22:00 | CG13: 13:00 - 22:00 | CH13: 13:00 - 22:00 | CI13: OFFWE | CJ13: OFFWE | CK13: AL | CL13: AL | CM13: AL | CN13: AL | CO13: AL | CP13: OFFWE | CQ13: OFFWE | CR13: 13:00 - 22:00 | CS13: 13:00 - 22:00 | CT13: 13:00 - 22:00 | CU13: 13:00 - 22:00 | CV13: 13:00 - 22:00 | CW13: OFFWE | CX13: OFFWE | CY13: 13:00 - 22:00 | CZ13: 13:00 - 22:00 | DA13: 13:00 - 22:00 | DB13: 13:00 - 22:00 | DC13: 13:00 - 22:00 | DD13: OFFWE | DE13: OFFWE | DF13: 13:00 - 22:00 | DG13: 13:00 - 22:00 | DH13: 13:00 - 22:00 | DI13: 13:00 - 22:00 | DJ13: 13:00 - 22:00 | DK13: OFFWE | DL13: OFFWE | DM13: CD | DN13: 13:00 - 22:00 | DO13: 13:00 - 22:00 | DP13: 13:00 - 22:00 | DQ13: 13:00 - 22:00 | DR13: OFFWE | DS13: OFFWE | DT13: CD | DU13: 13:00 - 22:00 | DV13: 13:00 - 22:00 | DW13: 13:00 - 22:00 | DX13: 13:00 - 22:00 | DY13: OFFWE | DZ13: OFFWE | EA13: 13:00 - 22:00 | EB13: 13:00 - 22:00 | EC13: 13:00 - 22:00 | ED13: 13:00 - 22:00 | EE13: 13:00 - 22:00 | EF13: OFFWE | EG13: OFFWE | EH13: 13:00 - 22:00 | EI13: 13:00 - 22:00 | EJ13: 13:00 - 22:00 | EK13: PH | EL13: 13:00 - 22:00 | EM13: OFFWE | EN13: OFFWE | EO13: AL | EP13: OL | EQ13: 13:00 - 22:00 | ER13: 13:00 - 22:00 | ES13: 13:00 - 22:00 | ET13: OFFWE | EU13: OFFWE | EV13: 13:00 - 22:00 | EW13: CD | EX13: 13:00 - 22:00 | EY13: 13:00 - 22:00 | EZ13: 13:00 - 22:00 | FA13: OFFWE | FB13: OFFWE | FC13: 13:00 - 22:00 | FD13: 13:00 - 22:00 | FE13: 13:00 - 22:00 | FF13: 13:00 - 22:00 | FG13: 13:00 - 22:00 | FH13: OFFWE | FI13: OFFWE | FM13: SL | GI13: AL | GJ13: OFFWE | GK13: OFFWE | GL13: AL | GM13: AL | GN13: AL | GO13: AL | GP13: AL | GQ13: OFFWE | GR13: OFFWE | GS13: AL | GT13: AL | GU13: AL | GV13: AL | GW13: AL | GX13: OFFWE | GY13: OFFWE | JY13: AL | JZ13: AL | KA13: AL | KB13: AL | KC13: AL | MJ13: AL | MK13: AL | ML13: AL | MM13: AL | MN13: AL
A14: 6 | B14: 9074563 | C14: Ralf Turski | D14: Full Time | E14: Voice | F14: Voice | G14: Karlo Coric | H14: PH | I14: 08:00 - 17:00 | J14: OFFWE | K14: OFFWE | L14: 08:00 - 17:00 | M14: 08:00 - 17:00 | N14: 08:00 - 17:00 | O14: 08:00 - 17:00 | P14: 08:00 - 17:00 | Q14: OFFWE | R14: OFFWE | S14: 08:00 - 17:00 | T14: 08:00 - 17:00 | U14: 08:00 - 17:00 | V14: 08:00 - 17:00 | W14: 08:00 - 17:00 | X14: OFFWE | Y14: OFFWE | Z14: 08:00 - 17:00 | AA14: SL | AB14: 08:00 - 17:00 | AC14: HSL * | AD14: SL | AE14: OFFWE | AF14: OFFWE | AG14: SL | AH14: SL | AI14: SL | AJ14: SL | AK14: SL | AL14: OFFWE | AM14: OFFWE | AN14: 08:00 - 17:00 | AO14: 08:00 - 17:00 | AP14: 08:00 - 17:00 | AQ14: 08:00 - 17:00 | AR14: 08:00 - 17:00 | AS14: OFFWE | AT14: OFFWE | AU14: 08:00 - 17:00 | AV14: 08:00 - 17:00 | AW14: 08:00 - 17:00 | AX14: 08:00 - 17:00 | AY14: 08:00 - 17:00 | AZ14: OFFWE | BA14: OFFWE | BB14: 08:00 - 17:00 | BC14: 08:00 - 17:00 | BD14: 08:00 - 17:00 | BE14: 08:00 - 17:00 | BF14: 08:00 - 17:00 | BG14: OFFWE | BH14: OFFWE | BI14: AL | BJ14: AL | BK14: AL | BL14: AL | BM14: AL | BN14: OFFWE | BO14: OFFWE | BP14: 08:00 - 17:00 | BQ14: 08:00 - 17:00 | BR14: 08:00 - 17:00 | BS14: 08:00 - 17:00 | BT14: 08:00 - 17:00 | BU14: OFFWE | BV14: OFFWE | BW14: 08:00 - 17:00 | BX14: 08:00 - 17:00 | BY14: 08:00 - 17:00 | BZ14: 08:00 - 17:00 | CA14: 08:00 - 17:00 | CB14: OFFWE | CC14: OFFWE | CD14: 08:00 - 17:00 | CE14: 08:00 - 17:00 | CF14: 08:00 - 17:00 | CG14: 08:00 - 17:00 | CH14: 08:00 - 17:00 | CI14: OFFWE | CJ14: OFFWE | CK14: 08:00 - 17:00 | CL14: 08:00 - 17:00 | CM14: 08:00 - 17:00 | CN14: 08:00 - 17:00 | CO14: 08:00 - 17:00 | CP14: OFFWE | CQ14: OFFWE | CR14: AL | CS14: AL | CT14: AL | CU14: AL | CV14: PH | CW14: OFFWE | CX14: OFFWE | CY14: PH | CZ14: AL | DA14: AL | DB14: AL | DC14: AL | DD14: OFFWE | DE14: OFFWE | DF14: 08:00 - 17:00 | DG14: 08:00 - 17:00 | DH14: 08:00 - 17:00 | DI14: 08:00 - 17:00 | DJ14: 08:00 - 17:00 | DK14: OFFWE | DL14: OFFWE | DM14: 08:00 - 17:00 | DN14: 08:00 - 17:00 | DO14: 08:00 - 17:00 | DP14: 08:00 - 17:00 | DQ14: 08:00 - 17:00 | DR14: OFFWE | DS14: OFFWE | DT14: AL | DU14: 08:00 - 17:00 | DV14: 08:00 - 17:00 | DW14: 08:00 - 17:00 | DX14: PH | DY14: OFFWE | DZ14: OFFWE | EA14: 08:00 - 17:00 | EB14: 08:00 - 17:00 | EC14: 08:00 - 17:00 | ED14: 08:00 - 17:00 | EE14: 08:00 - 17:00 | EF14: OFFWE | EG14: OFFWE | EH14: AL | EI14: AL | EJ14: AL | EK14: PH | EL14: AL | EM14: OFFWE | EN14: OFFWE | EO14: 08:00 - 17:00 | EP14: 08:00 - 17:00 | EQ14: 08:00 - 17:00 | ER14: 08:00 - 17:00 | ES14: 08:00 - 17:00 | ET14: OFFWE | EU14: OFFWE | EV14: PH | EW14: 08:00 - 17:00 | EX14: 08:00 - 17:00 | EY14: 08:00 - 17:00 | EZ14: 08:00 - 17:00 | FA14: OFFWE | FB14: OFFWE | FG14: AL | FH14: OFFWE | FI14: OFFWE | MX14: AL | MY14: AL | MZ14: AL | NA14: AL | NE14: AL | NF14: AL | NG14: AL | NH14: AL
A15: 7 | B15: 9074363 | C15: Danny Bendig | D15: Full Time | E15: Voice | F15: Voice | G15: Karlo Coric | H15: PH | I15: 07:00 - 11:00 15:30 - 19:00 | J15: OFFWE | K15: OFFWE | L15: HSL * | M15: SL | N15: SL | O15: SL | P15: SL | Q15: SL | R15: SL | S15: SL | T15: SL | U15: SL | V15: SL | W15: SL | X15: OFFWE | Y15: OFFWE | Z15: 07:00 - 11:00 15:30 - 19:00 | AA15: 07:00 - 11:00 15:30 - 19:00 | AB15: 07:00 - 11:00 15:30 - 19:00 | AC15: 07:00 - 11:00 15:30 - 19:00 | AD15: 07:00 - 11:00 15:30 - 19:00 | AE15: OFFWE | AF15: OFFWE | AG15: 07:00 - 11:00 15:30 - 19:00 | AH15: 07:00 - 11:00 15:30 - 19:00 | AI15: 07:00 - 11:00 15:30 - 19:00 | AJ15: 07:00 - 11:00 15:30 - 19:00 | AK15: 07:00 - 11:00 15:30 - 19:00 | AL15: OFFWE | AM15: OFFWE | AN15: 07:00 - 11:00 15:30 - 19:00 | AO15: 07:00 - 11:00 15:30 - 19:00 | AP15: 07:00 - 11:00 15:30 - 19:00 | AQ15: 07:00 - 11:00 15:30 - 19:00 | AR15: 07:00 - 11:00 15:30 - 19:00 | AS15: OFFWE | AT15: OFFWE | AU15: 07:00 - 11:00 15:30 - 19:00 | AV15: 07:00 - 11:00 15:30 - 19:00 | AW15: 07:00 - 11:00 15:30 - 19:00 | AX15: 07:00 - 11:00 15:30 - 19:00 | AY15: 07:00 - 11:00 15:30 - 19:00 | AZ15: OFFWE | BA15: OFFWE | BB15: 07:00 - 11:00 15:30 - 19:00 | BC15: 07:00 - 11:00 15:30 - 19:00 | BD15: 07:00 - 11:00 15:30 - 19:00 | BE15: 07:00 - 11:00 15:30 - 19:00 | BF15: 07:00 - 11:00 15:30 - 19:00 | BG15: OFFWE | BH15: OFFWE | BI15: AL | BJ15: AL | BK15: AL | BL15: AL | BM15: AL | BN15: OFFWE | BO15: OFFWE | BP15: 07:00 - 11:00 15:30 - 19:00 | BQ15: 07:00 - 11:00 15:30 - 19:00 | BR15: 07:00 - 11:00 15:30 - 19:00 | BS15: 07:00 - 11:00 15:30 - 19:00 | BT15: 07:00 - 11:00 15:30 - 19:00 | BU15: OFFWE | BV15: OFFWE | BW15: 07:00 - 11:00 15:30 - 19:00 | BX15: 07:00 - 11:00 15:30 - 19:00 | BY15: 07:00 - 11:00 15:30 - 19:00 | BZ15: 07:00 - 11:00 15:30 - 19:00 | CA15: 07:00 - 11:00 15:30 - 19:00 | CB15: OFFWE | CC15: OFFWE | CD15: 07:00 - 11:00 15:30 - 19:00 | CE15: 07:00 - 11:00 15:30 - 19:00 | CF15: 07:00 - 11:00 15:30 - 19:00 | CG15: 07:00 - 11:00 15:30 - 19:00 | CH15: 07:00 - 11:00 15:30 - 19:00 | CI15: OFFWE | CJ15: OFFWE | CK15: 07:00 - 11:00 15:30 - 19:00 | CL15: 07:00 - 11:00 15:30 - 19:00 | CM15: 07:00 - 11:00 15:30 - 19:00 | CN15: 07:00 - 11:00 15:30 - 19:00 | CO15: 07:00 - 11:00 15:30 - 19:00 | CP15: OFFWE | CQ15: OFFWE | CR15: 07:00 - 11:00 15:30 - 19:00 | CS15: 07:00 - 11:00 15:30 - 19:00 | CT15: 07:00 - 11:00 15:30 - 19:00 | CU15: 07:00 - 11:00 15:30 - 19:00 | CV15: PH | CW15: OFFWE | CX15: OFFWE | CY15: PH | CZ15: 07:00 - 11:00 15:30 - 19:00 | DA15: 07:00 - 11:00 15:30 - 19:00 | DB15: WIC 08:00 - 17:00 | DC15: WIC 08:00 - 17:00 | DD15: OFFWE | DE15: OFFWE | DF15: WIC 08:00 - 17:00 | DG15: WIC 08:00 - 17:00 | DH15: WIC 08:00 - 17:00 | DI15: WIC 08:00 - 17:00 | DJ15: WIC 08:00 - 17:00 | DK15: OFFWE | DL15: OFFWE | DM15: WIC 08:00 - 17:00 | DN15: WIC 08:00 - 17:00 | DO15: WIC 08:00 - 17:00 | DP15: WIC 08:00 - 17:00 | DQ15: WIC 08:00 - 17:00 | DR15: OFFWE | DS15: OFFWE | DT15: AL | DU15: AL | DV15: AL | DW15: AL | DX15: PH | DY15: OFFWE | DZ15: OFFWE | EA15: AL | EB15: AL | EC15: AL | ED15: AL | EE15: AL | EF15: OFFWE | EG15: OFFWE | EH15: WIC 08:00 - 17:00 | EI15: WIC 08:00 - 17:00 | EJ15: WIC 08:00 - 17:00 | EK15: PH | EL15: WIC 08:00 - 17:00 | EM15: OFFWE | EN15: OFFWE | EO15: WIC 08:00 - 17:00 | EP15: WIC 08:00 - 17:00 | EQ15: WIC 08:00 - 17:00 | ER15: WIC 08:00 - 17:00 | ES15: WIC 08:00 - 17:00 | ET15: OFFWE | EU15: OFFWE | EV15: PH | EW15: WIC 08:00 - 17:00 | EX15: WIC 08:00 - 17:01 | EY15: WIC 08:00 - 17:02 | EZ15: WIC 08:00 - 17:03 | FA15: OFFWE | FB15: OFFWE
A16: 8 | B16: 9074350 | C16: Baschir Mahrufi | D16: Full Time | E16: SSP | F16: Voice | G16: Tobias Rossberg | H16: PH | I16: 07:00 - 16:00 | J16: OFFWE | K16: OFFWE | L16: 07:00 - 16:00 | M16: 07:00 - 16:00 | N16: 07:00 - 16:00 | O16: 07:00 - 16:00 | P16: 07:00 - 16:00 | Q16: OFFWE | R16: OFFWE | S16: 07:00 - 16:00 | T16: 07:00 - 16:00 | U16: 07:00 - 16:00 | V16: 07:00 - 16:00 | W16: 07:00 - 16:00 | X16: OFFWE | Y16: OFFWE | Z16: 07:00 - 16:00 | AA16: 07:00 - 16:00 | AB16: 07:00 - 16:00 | AC16: 07:00 - 16:00 | AD16: 07:00 - 16:00 | AE16: OFFWE | AF16: OFFWE | AG16: 07:00 - 16:00 | AH16: 07:00 - 16:00 | AI16: 07:00 - 16:00 | AJ16: 07:00 - 16:00 | AK16: 07:00 - 16:00 | AL16: OFFWE | AM16: OFFWE | AN16: 07:00 - 16:00 | AO16: 07:00 - 16:00 | AP16: 07:00 - 16:00 | AQ16: 07:00 - 16:00 | AR16: 07:00 - 16:00 | AS16: OFFWE | AT16: OFFWE | AU16: 07:00 - 16:00 | AV16: AL | AW16: 07:00 - 16:00 | AX16: 07:00 - 16:00 | AY16: 07:00 - 16:00 | AZ16: OFFWE | BA16: OFFWE | BB16: 07:00 - 16:00 | BC16: 07:00 - 16:00 | BD16: 07:00 - 16:00 | BE16: 07:00 - 16:00 | BF16: 07:00 - 16:00 | BG16: OFFWE | BH16: OFFWE | BI16: 07:00 - 16:00 | BJ16: 07:00 - 16:00 | BK16: 07:00 - 16:00 | BL16: 07:00 - 16:00 | BM16: 07:00 - 16:00 | BN16: OFFWE | BO16: OFFWE | BP16: 07:00 - 16:00 | BQ16: 07:00 - 16:00 | BR16: 07:00 - 16:00 | BS16: 07:00 - 16:00 | BT16: 07:00 - 16:00 | BU16: OFFWE | BV16: OFFWE | BW16: 07:00 - 16:00 | BX16: 07:00 - 16:00 | BY16: 07:00 - 16:00 | BZ16: 07:00 - 16:00 | CA16: 07:00 - 16:00 | CB16: OFFWE | CC16: OFFWE | CD16: 07:00 - 16:00 | CE16: 07:00 - 16:00 | CF16: 07:00 - 16:00 | CG16: 07:00 - 16:00 | CH16: 07:00 - 16:00 | CI16: OFFWE | CJ16: OFFWE | CK16: 07:00 - 16:00 | CL16: 07:00 - 16:00 | CM16: 07:00 - 16:00 | CN16: 07:00 - 16:00 | CO16: 07:00 - 16:00 | CP16: OFFWE | CQ16: OFFWE | CR16: 07:00 - 16:00 | CS16: 07:00 - 16:00 | CT16: 07:00 - 16:00 | CU16: 07:00 - 16:00 | CV16: PH | CW16: OFFWE | CX16: OFFWE | CY16: PH | CZ16: 07:00 - 16:00 | DA16: 07:00 - 16:00 | DB16: 07:00 - 16:00 | DC16: 07:00 - 16:00 | DD16: OFFWE | DE16: OFFWE | DF16: 07:00 - 16:00 | DG16: 07:00 - 16:00 | DH16: 07:00 - 16:00 | DI16: 07:00 - 16:00 | DJ16: 07:00 - 16:00 | DK16: OFFWE | DL16: OFFWE | DM16: 07:00 - 16:00 | DN16: 07:00 - 16:00 | DO16: 07:00 - 16:00 | DP16: 07:00 - 16:00 | DQ16: 07:00 - 16:00 | DR16: OFFWE | DS16: OFFWE | DT16: 07:00 - 16:00 | DU16: 07:00 - 16:00 | DV16: 07:00 - 16:00 | DW16: 07:00 - 16:00 | DX16: PH | DY16: OFFWE | DZ16: OFFWE | EA16: 07:00 - 16:00 | EB16: 07:00 - 16:00 | EC16: 07:00 - 16:00 | ED16: 07:00 - 16:00 | EE16: 07:00 - 16:00 | EF16: OFFWE | EG16: OFFWE | EH16: 07:00 - 16:00 | EI16: 07:00 - 16:00 | EJ16: 07:00 - 16:00 | EK16: PH | EL16: 07:00 - 16:00 | EM16: OFFWE | EN16: OFFWE | EO16: AL | EP16: AL | EQ16: AL | ER16: AL | ES16: AL | ET16: OFFWE | EU16: OFFWE | EV16: PH | EW16: 08:00 - 17:00 | EX16: 08:00 - 17:00 | EY16: 08:00 - 17:00 | EZ16: 08:00 - 17:00 | FA16: OFFWE | FB16: OFFWE | GA16: AL | GB16: AL | GE16: AL | GF16: AL | GG16: AL | GH16: AL | GI16: AL | GZ16: AL | HA16: AL | HB16: AL | HC16: AL | HD16: AL | HG16: AL | HH16: AL | HI16: AL | HJ16: AL | HK16: AL
A17: 9 | B17: 9074364 | C17: Darjusch Dropczinsky | D17: Full Time | E17: Voice | F17: Voice | G17: Tobias Rossberg | H17: PH | I17: 08:00 - 17:00 | J17: OFFWE | K17: OFFWE | L17: 08:00 - 17:00 | M17: 08:00 - 17:00 | N17: 08:00 - 17:00 | O17: 08:00 - 17:00 | P17: * HSL | Q17: OFFWE | R17: OFFWE | S17: 08:00 - 17:00 | T17: 08:00 - 17:00 | U17: 08:00 - 17:00 | V17: 08:00 - 17:00 | W17: 08:00 - 17:00 | X17: OFFWE | Y17: OFFWE | Z17: 08:00 - 17:00 | AA17: 08:00 - 17:00 | AB17: 08:00 - 17:00 | AC17: 08:00 - 17:00 | AD17: 08:00 - 17:00 | AE17: OFFWE | AF17: OFFWE | AG17: 08:00 - 17:00 | AH17: 08:00 - 17:00 | AI17: 08:00 - 17:00 | AJ17: 08:00 - 17:00 | AK17: 08:00 - 17:00 | AL17: OFFWE | AM17: OFFWE | AN17: 08:00 - 17:00 | AO17: 08:00 - 17:00 | AP17: 08:00 - 17:00 | AQ17: 08:00 - 17:00 | AR17: 08:00 - 17:00 | AS17: OFFWE | AT17: OFFWE | AU17: SL | AV17: SL | AW17: SL | AX17: SL | AY17: SL | AZ17: OFFWE | BA17: OFFWE | BB17: 08:00 - 17:00 | BC17: SL | BD17: SL | BE17: SL | BF17: SL | BG17: OFFWE | BH17: OFFWE | BI17: 08:00 - 17:00 | BJ17: 08:00 - 17:00 | BK17: 08:00 - 17:00 | BL17: 08:00 - 17:00 | BM17: 08:00 - 17:00 | BN17: OFFWE | BO17: OFFWE | BP17: 08:00 - 17:00 | BQ17: 08:00 - 17:00 | BR17: 08:00 - 17:00 | BS17: 08:00 - 17:00 | BT17: 08:00 - 17:00 | BU17: OFFWE | BV17: OFFWE | BW17: 08:00 - 17:00 | BX17: SL | BY17: SL | BZ17: 08:00 - 17:00 | CA17: 08:00 - 17:00 | CB17: OFFWE | CC17: OFFWE | CD17: 08:00 - 17:00 | CE17: 08:00 - 17:00 | CF17: 08:00 - 17:00 | CG17: 08:00 - 17:00 | CH17: 08:00 - 17:00 | CI17: OFFWE | CJ17: OFFWE | CK17: 08:00 - 17:00 | CL17: 08:00 - 17:00 | CM17: 08:00 - 17:00 | CN17: 08:00 - 17:00 | CO17: 08:00 - 17:00 | CP17: OFFWE | CQ17: OFFWE | CR17: 08:00 - 17:00 | CS17: 08:00 - 17:00 | CT17: 08:00 - 17:00 | CU17: 08:00 - 17:00 | CV17: PH | CW17: OFFWE | CX17: OFFWE | CY17: PH | CZ17: 08:00 - 17:00 | DA17: SL | DB17: SL | DC17: SL | DD17: OFFWE | DE17: OFFWE | DF17: 08:00 - 17:00 | DG17: 08:00 - 17:00 | DH17: 08:00 - 17:00 | DI17: 08:00 - 17:00 | DJ17: 08:00 - 17:00 | DK17: OFFWE | DL17: OFFWE | DM17: 08:00 - 17:00 | DN17: 08:00 - 17:00 | DO17: 08:00 - 17:00 | DP17: 08:00 - 17:00 | DQ17: 08:00 - 17:00 | DR17: OFFWE | DS17: OFFWE | DT17: 08:00 - 17:00 | DU17: 08:00 - 17:00 | DV17: 08:00 - 17:00 | DW17: 08:00 - 17:00 | DX17: PH | DY17: OFFWE | DZ17: OFFWE | EA17: 08:00 - 17:00 | EB17: 08:00 - 17:00 | EC17: 08:00 - 17:00 | ED17: 08:00 - 17:00 | EE17: 08:00 - 17:00 | EF17: OFFWE | EG17: OFFWE | EH17: 08:00 - 17:00 | EI17: 08:00 - 17:00 | EJ17: 08:00 - 17:00 | EK17: PH | EL17: 08:00 - 17:00 | EM17: OFFWE | EN17: OFFWE | EO17: 08:00 - 17:00 | EP17: 08:00 - 17:00 | EQ17: 08:00 - 17:00 | ER17: 08:00 - 17:00 | ES17: 08:00 - 17:00 | ET17: OFFWE | EU17: OFFWE | EV17: 07:00 - 16:00 | EW17: 07:00 - 16:00 | EX17: 07:00 - 16:00 | EY17: 07:00 - 16:00 | EZ17: 07:00 - 16:00 | FA17: OFFWE | FB17: OFFWE | FC17: AL | FD17: AL | FE17: AL | FF17: LPH | FG17: AL | FH17: OFFWE | FI17: OFFWE | FJ17: AL | FK17: AL | FL17: AL | FM17: AL | FN17: AL | FO17: OFFWE | FP17: OFFWE | FQ17: AL | FR17: AL | FS17: AL | FT17: AL | FU17: AL
A18: 10 | B18: 9074373 | C18: Duc Quy Huynh | D18: Full Time | E18: Voice | F18: Voice | G18: Tobias Rossberg | H18: PH | I18: 07:00 - 16:00 | J18: OFFWE | K18: OFFWE | L18: SL | M18: SL | N18: SL | O18: 07:00 - 16:00 | P18: 07:00 - 16:00 | Q18: OFFWE | R18: OFFWE | S18: 07:00 - 16:00 | T18: 07:00 - 16:00 | U18: 07:00 - 16:00 | V18: 07:00 - 16:00 | W18: 07:00 - 16:00 | X18: OFFWE | Y18: OFFWE | Z18: 07:00 - 16:00 | AA18: 07:00 - 16:00 | AB18: 07:00 - 16:00 | AC18: 07:00 - 16:00 | AD18: 07:00 - 16:00 | AE18: OFFWE | AF18: OFFWE | AG18: 07:00 - 16:00 | AH18: 07:00 - 16:00 | AI18: 07:00 - 16:00 | AJ18: 07:00 - 16:00 | AK18: 07:00 - 16:00 | AL18: OFFWE | AM18: OFFWE | AN18: 07:00 - 16:00 | AO18: 07:00 - 16:00 | AP18: 07:00 - 16:00 | AQ18: 07:00 - 16:00 | AR18: 07:00 - 16:00 | AS18: OFFWE | AT18: OFFWE | AU18: 07:00 - 16:00 | AV18: 07:00 - 16:00 | AW18: 07:00 - 16:00 | AX18: 07:00 - 16:00 | AY18: 07:00 - 16:00 | AZ18: OFFWE | BA18: OFFWE | BB18: 07:00 - 16:00 | BC18: 07:00 - 16:00 | BD18: AL | BE18: 07:00 - 16:00 | BF18: 07:00 - 16:00 | BG18: OFFWE | BH18: OFFWE | BI18: SL | BJ18: SL | BK18: SL | BL18: 07:00 - 16:00 | BM18: 07:00 - 16:00 | BN18: OFFWE | BO18: OFFWE | BP18: 07:00 - 16:00 | BQ18: 07:00 - 16:00 | BR18: 07:00 - 16:00 | BS18: AL | BT18: 07:00 - 16:00 | BU18: OFFWE | BV18: OFFWE | BW18: 07:00 - 16:00 | BX18: 07:00 - 16:00 | BY18: 07:00 - 16:00 | BZ18: 07:00 - 16:00 | CA18: 07:00 - 16:00 | CB18: OFFWE | CC18: OFFWE | CD18: 07:00 - 16:00 | CE18: 07:00 - 16:00 | CF18: 07:00 - 16:00 | CG18: 07:00 - 16:00 | CH18: 07:00 - 16:00 | CI18: OFFWE | CJ18: OFFWE | CK18: SL | CL18: SL | CM18: 07:00 - 16:00 | CN18: 07:00 - 16:00 | CO18: 07:00 - 16:00 | CP18: OFFWE | CQ18: OFFWE | CR18: 07:00 - 16:00 | CS18: 07:00 - 16:00 | CT18: 07:00 - 16:00 | CU18: AL | CV18: PH | CW18: OFFWE | CX18: OFFWE | CY18: PH | CZ18: 07:00 - 16:00 | DA18: 07:00 - 16:00 | DB18: 07:00 - 16:00 | DC18: 07:00 - 16:00 | DD18: OFFWE | DE18: OFFWE | DF18: 07:00 - 16:00 | DG18: 07:00 - 16:00 | DH18: 07:00 - 16:00 | DI18: 07:00 - 16:00 | DJ18: 07:00 - 16:00 | DK18: OFFWE | DL18: OFFWE | DM18: 07:00 - 16:00 | DN18: 07:00 - 16:00 | DO18: 07:00 - 16:00 | DP18: 07:00 - 16:00 | DQ18: 07:00 - 16:00 | DR18: OFFWE | DS18: OFFWE | DT18: 07:00 - 16:00 | DU18: 07:00 - 16:00 | DV18: 07:00 - 16:00 | DW18: 07:00 - 16:00 | DX18: PH | DY18: OFFWE | DZ18: OFFWE | EA18: SL | EB18: SL | EC18: SL | ED18: 07:00 - 16:00 | EE18: 07:00 - 16:00 | EF18: OFFWE | EG18: OFFWE | EH18: 07:00 - 16:00 | EI18: 07:00 - 16:00 | EJ18: 07:00 - 16:00 | EK18: PH | EL18: 07:00 - 16:00 | EM18: OFFWE | EN18: OFFWE | EO18: 07:00 - 16:00 | EP18: 07:00 - 16:00 | EQ18: 07:00 - 16:00 | ER18: 07:00 - 16:00 | ES18: 07:00 - 16:00 | ET18: OFFWE | EU18: OFFWE | EV18: PH | EW18: 07:00 - 16:00 | EX18: 07:00 - 16:00 | EY18: 07:00 - 16:00 | EZ18: 07:00 - 16:00 | FA18: OFFWE | FB18: OFFWE | GP18: AL | GQ18: OFFWE | GR18: OFFWE | GS18: AL | GT18: AL | GU18: AL
A19: 11 | B19: 9074341 | C19: Anas Daba | D19: Full Time | E19: Voice | F19: Voice | G19: Delia Panaitescu | H19: PH | I19: 07:00 - 16:00 | J19: OFFWE | K19: OFFWE | L19: 07:00 - 16:00 | M19: 07:00 - 16:00 | N19: 07:00 - 16:00 | O19: 07:00 - 16:00 | P19: 07:00 - 16:00 | Q19: OFFWE | R19: OFFWE | S19: 22:00 - 07:00 | T19: 22:00 - 07:00 | U19: 22:00 - 07:00 | V19: 22:00 - 07:00 | W19: 22:00 - 07:00 | X19: OFFWE | Y19: OFFWE | Z19: 06:00 - 15:00 | AA19: 07:00 - 16:00 | AB19: 07:00 - 16:00 | AC19: 07:00 - 16:00 | AD19: 07:00 - 16:00 | AE19: OFFWE | AF19: OFFWE | AG19: 06:00 - 15:00 | AH19: OFF | AI19: 07:00 - 16:00 | AJ19: 07:00 - 16:00 | AK19: OFF | AL19: 22:00 - 07:00 | AM19: 22:00 - 07:00 | AN19: OFF | AO19: 06:00 - 15:00 | AP19: 06:00 - 15:00 | AQ19: 07:00 - 16:00 | AR19: 07:00 - 16:00 | AS19: OFFWE | AT19: OFFWE | AU19: 07:00 - 16:00 | AV19: OFF | AW19: OFF | AX19: 22:00 - 07:00 | AY19: 22:00 - 07:00 | AZ19: 22:00 - 07:00 | BA19: 22:00 - 07:00 | BB19: 22:00 - 07:00 | BC19: OFF | BD19: 07:00 - 16:00 | BE19: 07:00 - 16:00 | BF19: 07:00 - 16:00 | BG19: OFFWE | BH19: 07:00 - 16:00 | BI19: 07:00 - 16:00 | BJ19: OFF | BK19: 07:00 - 16:00 | BL19: 07:00 - 16:00 | BM19: 07:00 - 16:00 | BN19: OFFWE | BO19: OFFWE | BP19: 07:00 - 16:00 | BQ19: 07:00 - 16:00 | BR19: 07:00 - 16:00 | BS19: OFF | BT19: 07:00 - 16:00 | BU19: OFFWE | BV19: 22:00 - 07:00 | BW19: 22:00 - 07:00 | BX19: 22:00 - 07:00 | BY19: OFF | BZ19: 08:00 - 17:00 | CA19: 08:00 - 17:00 | CB19: OFFWE | CC19: 22:00 - 07:00 | CD19: OFF | CE19: 07:00 - 16:00 | CF19: SL | CG19: SL | CH19: SL | CI19: OFFWE | CJ19: OFFWE | CK19: 22:00 - 07:00 | CL19: 22:00 - 07:00 | CM19: 22:00 - 07:00 | CN19: 22:00 - 07:00 | CO19: 22:00 - 07:00 | CP19: OFFWE | CQ19: OFFWE | CR19: AL | CS19: AL | CT19: AL | CU19: AL | CV19: PH | CW19: OFFWE | CX19: OFFWE | CY19: PH | CZ19: AL | DA19: AL | DB19: AL | DC19: AL | DD19: OFFWE | DE19: OFFWE | DF19: 06:00 - 15:00 | DG19: OFF | DH19: OFF | DI19: 06:00 - 15:00 | DJ19: 06:00 - 15:00 | DK19: 22:00 - 07:00 | DL19: 22:00 - 07:00 | DM19: 22:00 - 07:00 | DN19: OFF | DO19: 07:00 - 16:00 | DP19: 07:00 - 16:00 | DQ19: 07:00 - 16:00 | DR19: OFFWE | DS19: OFFWE | DT19: 07:00 - 16:00 | DU19: 07:00 - 16:00 | DV19: 07:00 - 16:00 | DW19: 22:00 - 07:00 | DX19: PH | DY19: OFFWE | DZ19: OFFWE | EA19: 07:00 - 16:00 | EB19: 07:00 - 16:00 | EC19: OFF | ED19: OFF | EE19: 22:00 - 07:00 | EF19: 22:00 - 07:00 | EG19: 22:00 - 07:00 | EH19: 07:00 - 16:00 | EI19: 07:00 - 16:00 | EJ19: OFF | EK19: PH | EL19: 07:00 - 16:00 | EM19: OFFWE | EN19: 07:00 - 16:00 | EO19: 07:00 - 16:00 | EP19: 07:00 - 16:00 | EQ19: OFF | ER19: OFF | ES19: 22:00 - 07:00 | ET19: 22:00 - 07:00 | EU19: 22:00 - 07:00 | EV19: 22:00 - 07:00 | EW19: 22:00 - 07:00 | EX19: OFF | EY19: 07:00 - 16:00 | EZ19: 07:00 - 16:00 | FA19: OFFWE | FB19: OFFWE | FL19: 22:00 - 07:00 | FM19: 22:00 - 07:00 | FN19: 22:00 - 07:00 | FO19: 22:00 - 07:00 | FP19: 22:00 - 07:00 | GF19: 22:00 - 07:00 | GG19: 22:00 - 07:00 | GH19: 22:00 - 07:00 | GI19: 22:00 - 07:00 | GJ19: 22:00 - 07:00 | HN19: AL | HO19: AL | HP19: AL | HQ19: AL | HR19: AL | HS19: OFFWE | HT19: OFFWE | HU19: AL | HV19: AL | HW19: AL | HX19: AL | HY19: AL | HZ19: OFFWE | IA19: OFFWE | IB19: AL | IC19: AL | ID19: AL | IE19: AL | IF19: AL | IG19: OFFWE | IH19: OFFWE | II19: AL | IJ19: AL | IK19: AL | IL19: AL | IM19: AL | IN19: OFFWE | IO19: OFFWE
A20: 12 | B20: 9074381 | C20: Eva-Liane Schliwa | D20: Full Time | E20: Voice | F20: Voice | G20: Tobias Rossberg | H20: 07:00 - 16:00 | I20: CD | J20: OFFWE | K20: OFFWE | L20: SL | M20: SL | N20: SL | O20: SL | P20: SL | Q20: OFFWE | R20: OFFWE | S20: SL | T20: SL | U20: SL | V20: 07:00 - 16:00 | W20: SL | X20: OFFWE | Y20: OFFWE | Z20: 07:00 - 16:00 | AA20: SL | AB20: SL | AC20: 06:00 - 15:00 | AD20: CD | AE20: OFFWE | AF20: OFFWE | AG20: SL | AH20: SL | AI20: SL | AJ20: OFF | AK20: 06:00 - 15:00 | AL20: OFFWE | AM20: 07:00 - 16:00 | AN20: SL | AO20: 07:00 - 16:00 | AP20: 07:00 - 16:00 | AQ20: OFF | AR20: 06:00 - 15:00 | AS20: OFFWE | AT20: 07:00 - 16:00 | AU20: 07:00 - 16:00 | AV20: 06:00 - 15:00 | AW20: 07:00 - 16:00 | AX20: OFF | AY20: 07:00 - 16:00 | AZ20: OFFWE | BA20: OFFWE | BB20: SL | BC20: SL | BD20: 07:00 - 16:00 | BE20: 07:00 - 16:00 | BF20: 07:00 - 16:00 | BG20: OFFWE | BH20: OFFWE | BI20: 06:00 - 15:00 | BJ20: 06:00 - 15:00 | BK20: 06:00 - 15:00 | BL20: OFF | BM20: SL | BN20: 13:00 - 22:00 | BO20: OFFWE | BP20: 07:00 - 16:00 | BQ20: OFF | BR20: 07:00 - 16:00 | BS20: 07:00 - 16:00 | BT20: 07:00 - 16:00 | BU20: OFFWE | BV20: 13:00 - 22:00 | BW20: 13:00 - 22:00 | BX20: OFF | BY20: 06:00 - 15:00 | BZ20: 06:00 - 15:00 | CA20: 06:00 - 15:00 | CB20: OFFWE | CC20: 07:00 - 16:00 | CD20: 06:00 - 15:00 | CE20: 06:00 - 15:00 | CF20: 07:00 - 16:00 | CG20: 06:00 - 15:00 | CH20: OFF | CI20: OFFWE | CJ20: 13:00 - 22:00 | CK20: 10:00 - 19:00 | CL20: OFF | CM20: 07:00 - 16:00 | CN20: 06:00 - 15:00 | CO20: 07:00 - 16:00 | CP20: 13:00 - 22:00 | CQ20: OFFWE | CR20: 06:00 - 15:00 | CS20: OFF | CT20: 06:00 - 15:00 | CU20: 06:00 - 15:00 | CV20: PH | CW20: 13:00 - 22:00 | CX20: 13:00 - 22:00 | CY20: PH | CZ20: 06:00 - 15:00 | DA20: 06:00 - 15:00 | DB20: 06:00 - 15:00 | DC20: AL | DD20: OFFWE | DE20: 07:00 - 16:00 | DF20: 06:00 - 15:00 | DG20: 06:00 - 15:00 | DH20: 06:00 - 15:00 | DI20: 06:00 - 15:00 | DJ20: OFF | DK20: OFFWE | DL20: 07:00 - 16:00 | DM20: 07:00 - 16:00 | DN20: OFF | DO20: 06:00 - 15:00 | DP20: OFF | DQ20: 06:00 - 15:00 | DR20: 07:00 - 16:00 | DS20: OFFWE | DT20: 06:00 - 15:00 | DU20: OFF | DV20: 06:00 - 15:00 | DW20: HAL * | DX20: PH | DY20: 07:00 - 16:00 | DZ20: 07:00 - 16:00 | EA20: OFF | EB20: SL | EC20: SL | ED20: SL | EE20: SL | EF20: 13:00 - 22:00 | EG20: OFFWE | EH20: OFF | EI20: 06:00 - 15:00 | EJ20: 06:00 - 15:00 | EK20: 08:00 - 17:00 | EL20: 06:00 - 15:00 | EM20: 13:00 - 22:00 | EN20: 13:00 - 22:00 | EO20: OFF | EP20: 06:00 - 15:00 | EQ20: 06:00 - 15:00 | ER20: 06:00 - 15:00 | ES20: 06:00 - 15:00 | ET20: 13:00 - 22:00 | EU20: OFFWE | EV20: PH | EW20: 06:00 - 15:00 | EX20: 06:00 - 15:00 | EY20: 06:00 - 15:00 | EZ20: 06:00 - 15:00 | FA20: OFFWE | FB20: 07:00 - 16:00
A21: 13 | B21: 9078602 | C21: Tim Nguyen | D21: Full Time | E21: SSP | F21: Voice | G21: Delia Panaitescu | H21: PH | I21: 08:00 - 17:00 | J21: OFFWE | K21: OFFWE | L21: 08:00 - 17:00 | M21: 08:00 - 17:00 | N21: 08:00 - 17:00 | O21: 08:00 - 17:00 | P21: 08:00 - 17:00 | Q21: OFFWE | R21: OFFWE | S21: SL | T21: 08:00 - 17:00 | U21: 08:00 - 17:00 | V21: 08:00 - 17:00 | W21: 08:00 - 17:00 | X21: OFFWE | Y21: OFFWE | Z21: 08:00 - 17:00 | AA21: 08:00 - 17:00 | AB21: 08:00 - 17:00 | AC21: 08:00 - 17:00 | AD21: 08:00 - 17:00 | AE21: OFFWE | AF21: OFFWE | AG21: 08:00 - 17:00 | AH21: 08:00 - 17:00 | AI21: 08:00 - 17:00 | AJ21: 08:00 - 17:00 | AK21: 08:00 - 17:00 | AL21: OFFWE | AM21: OFFWE | AN21: 08:00 - 17:00 | AO21: 08:00 - 17:00 | AP21: 08:00 - 17:00 | AQ21: 08:00 - 17:00 | AR21: 08:00 - 17:00 | AS21: OFFWE | AT21: OFFWE | AU21: 08:00 - 17:00 | AV21: 08:00 - 17:00 | AW21: AL | AX21: 08:00 - 17:00 | AY21: 07:00 - 16:00 | AZ21: OFFWE | BA21: OFFWE | BB21: 08:00 - 17:00 | BC21: 07:00 - 16:00 | BD21: 08:00 - 17:00 | BE21: 07:00 - 16:00 | BF21: 08:00 - 17:00 | BG21: OFFWE | BH21: OFFWE | BI21: 08:00 - 17:00 | BJ21: 07:00 - 16:00 | BK21: 07:00 - 16:00 | BL21: 08:00 - 17:00 | BM21: 08:00 - 17:00 | BN21: OFFWE | BO21: OFFWE | BP21: 08:00 - 17:00 | BQ21: 07:00 - 16:00 | BR21: 08:00 - 17:00 | BS21: 08:00 - 17:00 | BT21: 08:00 - 17:00 | BU21: OFFWE | BV21: OFFWE | BW21: 08:00 - 17:00 | BX21: 07:00 - 16:00 | BY21: 07:00 - 16:00 | BZ21: AL | CA21: AL | CB21: OFFWE | CC21: OFFWE | CD21: 08:00 - 17:00 | CE21: 08:00 - 17:00 | CF21: 08:00 - 17:00 | CG21: 08:00 - 17:00 | CH21: 08:00 - 17:00 | CI21: OFFWE | CJ21: OFFWE | CK21: 08:00 - 17:00 | CL21: 08:00 - 17:00 | CM21: 08:00 - 17:00 | CN21: 08:00 - 17:00 | CO21: AL | CP21: OFFWE | CQ21: OFFWE | CR21: 08:00 - 17:00 | CS21: 08:00 - 17:00 | CT21: 08:00 - 17:00 | CU21: 08:00 - 17:00 | CV21: PH | CW21: OFFWE | CX21: OFFWE | CY21: PH | CZ21: AL | DA21: AL | DB21: AL | DC21: 07:00 - 16:00 | DD21: OFFWE | DE21: OFFWE | DF21: 08:00 - 17:00 | DG21: 08:00 - 17:00 | DH21: 08:00 - 17:00 | DI21: 08:00 - 17:00 | DJ21: 08:00 - 17:00 | DK21: OFFWE | DL21: OFFWE | DM21: 08:00 - 17:00 | DN21: 08:00 - 17:00 | DO21: 08:00 - 17:00 | DP21: 08:00 - 17:00 | DQ21: 08:00 - 17:00 | DR21: OFFWE | DS21: OFFWE | DT21: 08:00 - 17:00 | DU21: 08:00 - 17:00 | DV21: 08:00 - 17:00 | DW21: 08:00 - 17:00 | DX21: PH | DY21: OFFWE | DZ21: OFFWE | EA21: 08:00 - 17:00 | EB21: 08:00 - 17:00 | EC21: 08:00 - 17:00 | ED21: 08:00 - 17:00 | EE21: 08:00 - 17:00 | EF21: OFFWE | EG21: OFFWE | EH21: 08:00 - 17:00 | EI21: 08:00 - 17:00 | EJ21: 08:00 - 17:00 | EK21: PH | EL21: 08:00 - 17:00 | EM21: OFFWE | EN21: OFFWE | EO21: 08:00 - 17:00 | EP21: 08:00 - 17:00 | EQ21: 08:00 - 17:00 | ER21: 08:00 - 17:00 | ES21: 08:00 - 17:00 | ET21: OFFWE | EU21: OFFWE | EV21: PH | EW21: 08:00 - 17:00 | EX21: 08:00 - 17:00 | EY21: 08:00 - 17:00 | EZ21: 08:00 - 17:00 | FA21: OFFWE | FB21: OFFWE
A22: 14 | B22: 9085121 | C22: Walter Buxbaum | D22: Full Time | E22: Voice | F22: Voice | G22: Karlo Coric | H22: PH | I22: AL | J22: OFFWE | K22: OFFWE | L22: 08:00 - 17:00 | M22: 08:00 - 17:00 | N22: 08:00 - 17:00 | O22: 08:00 - 17:00 | P22: 08:00 - 17:00 | Q22: OFFWE | R22: OFFWE | S22: 08:00 - 17:00 | T22: 08:00 - 17:00 | U22: 08:00 - 17:00 | V22: 08:00 - 17:00 | W22: 08:00 - 17:00 | X22: OFFWE | Y22: OFFWE | Z22: 08:00 - 17:00 | AA22: 08:00 - 17:00 | AB22: 08:00 - 17:00 | AC22: 08:00 - 17:00 | AD22: 08:00 - 17:00 | AE22: OFFWE | AF22: OFFWE | AG22: 08:00 - 17:00 | AH22: 08:00 - 17:00 | AI22: 08:00 - 17:00 | AJ22: 08:00 - 17:00 | AK22: 08:00 - 17:00 | AL22: OFFWE | AM22: OFFWE | AN22: 08:00 - 17:00 | AO22: 08:00 - 17:00 | AP22: 08:00 - 17:00 | AQ22: 08:00 - 17:00 | AR22: 08:00 - 17:00 | AS22: OFFWE | AT22: OFFWE | AU22: 08:00 - 17:00 | AV22: 08:00 - 17:00 | AW22: 08:00 - 17:00 | AX22: 08:00 - 17:00 | AY22: AL | AZ22: OFFWE | BA22: OFFWE | BB22: 08:00 - 17:00 | BC22: 08:00 - 17:00 | BD22: 08:00 - 17:00 | BE22: 08:00 - 17:00 | BF22: 08:00 - 17:00 | BG22: OFFWE | BH22: OFFWE | BI22: 08:00 - 17:00 | BJ22: 08:00 - 17:00 | BK22: 08:00 - 17:00 | BL22: 08:00 - 17:00 | BM22: 08:00 - 17:00 | BN22: OFFWE | BO22: OFFWE | BP22: 08:00 - 17:00 | BQ22: 08:00 - 17:00 | BR22: 08:00 - 17:00 | BS22: 08:00 - 17:00 | BT22: 08:00 - 17:00 | BU22: OFFWE | BV22: OFFWE | BW22: 08:00 - 17:00 | BX22: 08:00 - 17:00 | BY22: 08:00 - 17:00 | BZ22: 08:00 - 17:00 | CA22: 08:00 - 17:00 | CB22: OFFWE | CC22: OFFWE | CD22: 08:00 - 17:00 | CE22: 08:00 - 17:00 | CF22: 08:00 - 17:00 | CG22: 08:00 - 17:00 | CH22: 08:00 - 17:00 | CI22: OFFWE | CJ22: OFFWE | CK22: 08:00 - 17:00 | CL22: 08:00 - 17:00 | CM22: 08:00 - 17:00 | CN22: 08:00 - 17:00 | CO22: 08:00 - 17:00 | CP22: OFFWE | CQ22: OFFWE | CR22: 08:00 - 17:00 | CS22: 07:00 - 16:00 | CT22: 08:00 - 17:00 | CU22: 08:00 - 17:00 | CV22: PH | CW22: OFFWE | CX22: OFFWE | CY22: PH | CZ22: 08:00 - 17:00 | DA22: 08:00 - 17:00 | DB22: 08:00 - 17:00 | DC22: 08:00 - 17:00 | DD22: OFFWE | DE22: OFFWE | DF22: 08:00 - 17:00 | DG22: 08:00 - 17:00 | DH22: 08:00 - 17:00 | DI22: 08:00 - 17:00 | DJ22: 08:00 - 17:00 | DK22: OFFWE | DL22: OFFWE | DM22: 08:00 - 17:00 | DN22: 08:00 - 17:00 | DO22: 08:00 - 17:00 | DP22: 08:00 - 17:00 | DQ22: 08:00 - 17:00 | DR22: OFFWE | DS22: OFFWE | DT22: 08:00 - 17:00 | DU22: 08:00 - 17:00 | DV22: 08:00 - 17:00 | DW22: 08:00 - 17:00 | DX22: PH | DY22: OFFWE | DZ22: OFFWE | EA22: 08:00 - 17:00 | EB22: 08:00 - 17:00 | EC22: 08:00 - 17:00 | ED22: 08:00 - 17:00 | EE22: 08:00 - 17:00 | EF22: OFFWE | EG22: OFFWE | EH22: 08:00 - 17:00 | EI22: 08:00 - 17:00 | EJ22: 08:00 - 17:00 | EK22: PH | EL22: 08:00 - 17:00 | EM22: OFFWE | EN22: OFFWE | EO22: 08:00 - 17:00 | EP22: 08:00 - 17:00 | EQ22: 08:00 - 17:00 | ER22: 08:00 - 17:00 | ES22: 08:00 - 17:00 | ET22: OFFWE | EU22: OFFWE | EV22: PH | EW22: 08:00 - 17:00 | EX22: 08:00 - 17:00 | EY22: 08:00 - 17:00 | EZ22: 08:00 - 17:00 | FA22: OFFWE | FB22: OFFWE | JY22: AL | JZ22: AL | KA22: AL | KB22: AL | KC22: AL | KF22: AL | KG22: AL | KH22: AL | KI22: AL | KJ22: AL | KM22: AL | KN22: AL | KO22: AL | KP22: AL | KQ22: AL
A23: 15 | B23: 9086658 | C23: Vincent Grunzel | D23: Full Time | E23: Voice | F23: Voice | G23: Tobias Rossberg | H23: PH | I23: SL | J23: OFFWE | K23: OFFWE | L23: 07:00 - 16:00 | M23: 07:00 - 16:00 | N23: 07:00 - 16:00 | O23: 07:00 - 16:00 | P23: 07:00 - 16:00 | Q23: OFFWE | R23: OFFWE | S23: 07:00 - 16:00 | T23: 07:00 - 16:00 | U23: 07:00 - 16:00 | V23: 07:00 - 16:00 | W23: 07:00 - 16:00 | X23: OFFWE | Y23: OFFWE | Z23: 07:00 - 16:00 | AA23: 07:00 - 16:00 | AB23: 07:00 - 16:00 | AC23: 07:00 - 16:00 | AD23: 07:00 - 16:00 | AE23: OFFWE | AF23: OFFWE | AG23: 07:00 - 16:00 | AH23: 07:00 - 16:00 | AI23: 07:00 - 16:00 | AJ23: 07:00 - 16:00 | AK23: 07:00 - 16:00 | AL23: OFFWE | AM23: OFFWE | AN23: 07:00 - 16:00 | AO23: 07:00 - 16:00 | AP23: 07:00 - 16:00 | AQ23: 07:00 - 16:00 | AR23: 07:00 - 16:00 | AS23: OFFWE | AT23: OFFWE | AU23: 07:00 - 16:00 | AV23: 07:00 - 16:00 | AW23: 07:00 - 16:00 | AX23: 07:00 - 16:00 | AY23: 07:00 - 16:00 | AZ23: OFFWE | BA23: OFFWE | BB23: 07:00 - 16:00 | BC23: 07:00 - 16:00 | BD23: 07:00 - 16:00 | BE23: 07:00 - 16:00 | BF23: 07:00 - 16:00 | BG23: OFFWE | BH23: OFFWE | BI23: 07:00 - 16:00 | BJ23: 07:00 - 16:00 | BK23: 07:00 - 16:00 | BL23: SL | BM23: SL | BN23: OFFWE | BO23: OFFWE | BP23: SL | BQ23: SL | BR23: SL | BS23: SL | BT23: SL | BU23: OFFWE | BV23: OFFWE | BW23: 07:00 - 16:00 | BX23: 07:00 - 16:00 | BY23: 07:00 - 16:00 | BZ23: 07:00 - 16:00 | CA23: 07:00 - 16:00 | CB23: OFFWE | CC23: OFFWE | CD23: 07:00 - 16:00 | CE23: 07:00 - 16:00 | CF23: 07:00 - 16:00 | CG23: 08:00 - 17:00 | CH23: 07:00 - 16:00 | CI23: OFFWE | CJ23: OFFWE | CK23: 07:00 - 16:00 | CL23: 07:00 - 16:00 | CM23: 07:00 - 16:00 | CN23: 07:00 - 16:00 | CO23: 07:00 - 16:00 | CP23: OFFWE | CQ23: OFFWE | CR23: 07:00 - 16:00 | CS23: 07:00 - 16:00 | CT23: 07:00 - 16:00 | CU23: 07:00 - 16:00 | CV23: PH | CW23: OFFWE | CX23: OFFWE | CY23: PH | CZ23: AL | DA23: AL | DB23: AL | DC23: AL | DD23: OFFWE | DE23: OFFWE | DF23: 07:00 - 16:00 | DG23: 07:00 - 16:00 | DH23: 07:00 - 16:00 | DI23: 07:00 - 16:00 | DJ23: 07:00 - 16:00 | DK23: OFFWE | DL23: OFFWE | DM23: 07:00 - 16:00 | DN23: 07:00 - 16:00 | DO23: 07:00 - 16:00 | DP23: SL | DQ23: SL | DR23: OFFWE | DS23: OFFWE | DT23: AL | DU23: AL | DV23: AL | DW23: AL | DX23: PH | DY23: OFFWE | DZ23: OFFWE | EA23: 07:00 - 16:00 | EB23: 07:00 - 16:00 | EC23: 07:00 - 16:00 | ED23: 07:00 - 16:00 | EE23: 07:00 - 16:00 | EF23: OFFWE | EG23: OFFWE | EH23: AL | EI23: AL | EJ23: AL | EK23: PH | EL23: AL | EM23: OFFWE | EN23: OFFWE | EO23: 07:00 - 16:00 | EP23: 07:00 - 16:00 | EQ23: 07:00 - 16:00 | ER23: 07:00 - 16:00 | ES23: 07:00 - 16:00 | ET23: OFFWE | EU23: OFFWE | EV23: PH | EW23: AL | EX23: AL | EY23: AL | EZ23: AL | FA23: OFFWE | FB23: OFFWE
A24: 16 | B24: 9087657 | C24: Meik Schülgen | D24: Full Time | E24: Voice | F24: Voice | G24: Tobias Rossberg | H24: PH | I24: AL | J24: OFFWE | K24: OFFWE | L24: 07:00 - 16:00 | M24: 07:00 - 16:00 | N24: 07:00 - 16:00 | O24: 07:00 - 16:00 | P24: 08:00 - 17:00 | Q24: OFFWE | R24: OFFWE | S24: 07:00 - 16:00 | T24: 07:00 - 16:00 | U24: 07:00 - 16:00 | V24: 07:00 - 16:00 | W24: 07:00 - 16:00 | X24: OFFWE | Y24: OFFWE | Z24: 07:00 - 16:00 | AA24: 07:00 - 16:00 | AB24: 07:00 - 16:00 | AC24: 07:00 - 16:00 | AD24: 07:00 - 16:00 | AE24: OFFWE | AF24: OFFWE | AG24: 07:00 - 16:00 | AH24: 07:00 - 16:00 | AI24: 07:00 - 16:00 | AJ24: 07:00 - 16:00 | AK24: 07:00 - 16:00 | AL24: OFFWE | AM24: OFFWE | AN24: 07:00 - 16:00 | AO24: 07:00 - 16:00 | AP24: 07:00 - 16:00 | AQ24: 07:00 - 16:00 | AR24: 07:00 - 16:00 | AS24: OFFWE | AT24: OFFWE | AU24: 07:00 - 16:00 | AV24: 07:00 - 16:00 | AW24: 07:00 - 16:00 | AX24: 07:00 - 16:00 | AY24: 07:00 - 16:00 | AZ24: OFFWE | BA24: OFFWE | BB24: AL | BC24: 07:00 - 16:00 | BD24: 07:00 - 16:00 | BE24: 07:00 - 16:00 | BF24: 07:00 - 16:00 | BG24: OFFWE | BH24: OFFWE | BI24: SL | BJ24: SL | BK24: SL | BL24: SL | BM24: SL | BN24: OFFWE | BO24: OFFWE | BP24: 07:00 - 16:00 | BQ24: 07:00 - 16:00 | BR24: 07:00 - 16:00 | BS24: 07:00 - 16:00 | BT24: 07:00 - 16:00 | BU24: OFFWE | BV24: OFFWE | BW24: 07:00 - 16:00 | BX24: 07:00 - 16:00 | BY24: 07:00 - 16:00 | BZ24: 07:00 - 16:00 | CA24: 07:00 - 16:00 | CB24: OFFWE | CC24: OFFWE | CD24: 07:00 - 16:00 | CE24: 07:00 - 16:00 | CF24: 07:00 - 16:00 | CG24: 07:00 - 16:00 | CH24: 07:00 - 16:00 | CI24: OFFWE | CJ24: OFFWE | CK24: 07:00 - 16:00 | CL24: 07:00 - 16:00 | CM24: 07:00 - 16:00 | CN24: 07:00 - 16:00 | CO24: 07:00 - 16:00 | CP24: OFFWE | CQ24: OFFWE | CR24: AL | CS24: AL | CT24: AL | CU24: AL | CV24: PH | CW24: OFFWE | CX24: OFFWE | CY24: PH | CZ24: 07:00 - 16:00 | DA24: 07:00 - 16:00 | DB24: 07:00 - 16:00 | DC24: 07:00 - 16:00 | DD24: OFFWE | DE24: OFFWE | DF24: 07:00 - 16:00 | DG24: 07:00 - 16:00 | DH24: 07:00 - 16:00 | DI24: 07:00 - 16:00 | DJ24: 07:00 - 16:00 | DK24: OFFWE | DL24: OFFWE | DM24: 07:00 - 16:00 | DN24: 07:00 - 16:00 | DO24: 07:00 - 16:00 | DP24: 07:00 - 16:00 | DQ24: 07:00 - 16:00 | DR24: OFFWE | DS24: OFFWE | DT24: 07:00 - 16:00 | DU24: 07:00 - 16:00 | DV24: 07:00 - 16:00 | DW24: 07:00 - 16:00 | DX24: PH | DY24: OFFWE | DZ24: OFFWE | EA24: 07:00 - 16:00 | EB24: 07:00 - 16:00 | EC24: 07:00 - 16:00 | ED24: 07:00 - 16:00 | EE24: 07:00 - 16:00 | EF24: OFFWE | EG24: OFFWE | EH24: 07:00 - 16:00 | EI24: 07:00 - 16:00 | EJ24: 07:00 - 16:00 | EK24: PH | EL24: AL | EM24: OFFWE | EN24: OFFWE | EO24: 07:00 - 16:00 | EP24: 07:00 - 16:00 | EQ24: 07:00 - 16:00 | ER24: 07:00 - 16:00 | ES24: 07:00 - 16:00 | ET24: OFFWE | EU24: OFFWE | EV24: PH | EW24: 07:00 - 16:00 | EX24: 07:00 - 16:00 | EY24: 07:00 - 16:00 | EZ24: 07:00 - 16:00 | FA24: OFFWE | FB24: OFFWE | FG24: AL | GW24: AL | GZ24: AL | HA24: AL | HB24: AL | HC24: AL | HD24: AL | HG24: AL | HH24: AL | HI24: AL | HJ24: AL | HK24: AL
A25: 17 | B25: 9090511 | C25: Annabela Scavo | D25: Full Time | E25: Voice | F25: Voice | G25: Delia Panaitescu | H25: PH | I25: Support | J25: OFFWE | K25: OFFWE | L25: Support | M25: Support | N25: Support | O25: Support | P25: Support | Q25: OFFWE | R25: OFFWE | S25: Support | T25: Support | U25: Support | V25: Support | W25: Support | X25: OFFWE | Y25: OFFWE | Z25: Support | AA25: Support | AB25: Support | AC25: Support | AD25: Support | AE25: OFFWE | AF25: OFFWE | AG25: Support | AH25: 08:00 - 17:00 | AI25: 08:00 - 17:00 | AJ25: 08:00 - 17:00 | AK25: 08:00 - 17:00 | AL25: OFFWE | AM25: OFFWE | AN25: Support | AO25: Support | AP25: Support | AQ25: Support | AR25: Support | AS25: OFFWE | AT25: OFFWE | AU25: Support | AV25: Support | AW25: Support | AX25: Support | AY25: Support | AZ25: OFFWE | BA25: OFFWE | BB25: Support | BC25: Support | BD25: Support | BE25: Support | BF25: Support | BG25: OFFWE | BH25: OFFWE | BI25: Support | BJ25: Support | BK25: Support | BL25: 08:00 - 17:00 | BM25: 08:00 - 17:00 | BN25: OFFWE | BO25: OFFWE | BP25: 08:00 - 17:00 | BQ25: 08:00 - 17:00 | BR25: 08:00 - 17:00 | BS25: 08:00 - 17:00 | BT25: SL | BU25: OFFWE | BV25: OFFWE | BW25: 08:00 - 17:00 | BX25: 08:00 - 17:00 | BY25: 08:00 - 17:00 | BZ25: 08:00 - 17:00 | CA25: 08:00 - 17:00 | CB25: OFFWE | CC25: OFFWE | CD25: 08:00 - 17:00 | CE25: 08:00 - 17:00 | CF25: 08:00 - 17:00 | CG25: 08:00 - 17:00 | CH25: 08:00 - 17:00 | CI25: OFFWE | CJ25: OFFWE | CK25: 08:00 - 17:00 | CL25: 08:00 - 17:00 | CM25: 08:00 - 17:00 | CN25: 08:00 - 17:00 | CO25: 08:00 - 17:00 | CP25: OFFWE | CQ25: OFFWE | CR25: 08:00 - 17:00 | CS25: 08:00 - 17:00 | CT25: 08:00 - 17:00 | CU25: 08:00 - 17:00 | CV25: PH | CW25: OFFWE | CX25: OFFWE | CY25: PH | CZ25: 08:00 - 17:00 | DA25: 08:00 - 17:00 | DB25: 08:00 - 17:00 | DC25: 08:00 - 17:00 | DD25: OFFWE | DE25: OFFWE | DF25: 08:00 - 17:00 | DG25: 08:00 - 17:00 | DH25: 08:00 - 17:00 | DI25: 08:00 - 17:00 | DJ25: 08:00 - 17:00 | DK25: OFFWE | DL25: OFFWE | DM25: 08:00 - 17:00 | DN25: 08:00 - 17:00 | DO25: 08:00 - 17:00 | DP25: 08:00 - 17:00 | DQ25: 08:00 - 17:00 | DR25: OFFWE | DS25: OFFWE | DT25: 08:00 - 17:00 | DU25: 08:00 - 17:00 | DV25: 08:00 - 17:00 | DW25: 08:00 - 17:00 | DX25: PH | DY25: OFFWE | DZ25: OFFWE | EA25: 08:00 - 17:00 | EB25: 08:00 - 17:00 | EC25: 08:00 - 17:00 | ED25: 08:00 - 17:00 | EE25: 08:00 - 17:00 | EF25: OFFWE | EG25: OFFWE | EH25: 08:00 - 17:00 | EI25: 08:00 - 17:00 | EJ25: 08:00 - 17:00 | EK25: PH | EL25: 08:00 - 17:00 | EM25: OFFWE | EN25: OFFWE | EO25: 08:00 - 17:00 | EP25: 08:00 - 17:00 | EQ25: 08:00 - 17:00 | ER25: 08:00 - 17:00 | ES25: 08:00 - 17:00 | ET25: OFFWE | EU25: OFFWE | EV25: PH | EW25: 08:00 - 17:00 | EX25: 08:00 - 17:00 | EY25: 08:00 - 17:00 | EZ25: 08:00 - 17:00 | FA25: OFFWE | FB25: OFFWE
A26: 18 | B26: 9074428 | C26: Yevgeni Frenkel | D26: Full Time | E26: Voice | F26: Voice | G26: Karlo Coric | H26: PH | I26: 08:00 - 17:00 | J26: OFFWE | K26: OFFWE | L26: 08:00 - 17:00 | M26: 08:00 - 17:00 | N26: 08:00 - 17:00 | O26: 08:00 - 17:00 | P26: 08:00 - 17:00 | Q26: OFFWE | R26: OFFWE | S26: 08:00 - 17:00 | T26: 08:00 - 17:00 | U26: 08:00 - 17:00 | V26: 08:00 - 17:00 | W26: 08:00 - 17:00 | X26: OFFWE | Y26: OFFWE | Z26: 08:00 - 17:00 | AA26: 08:00 - 17:00 | AB26: 08:00 - 17:00 | AC26: 08:00 - 17:00 | AD26: 08:00 - 17:00 | AE26: OFFWE | AF26: OFFWE | AG26: 08:00 - 17:00 | AH26: 08:00 - 17:00 | AI26: 08:00 - 17:00 | AJ26: 08:00 - 17:00 | AK26: 08:00 - 17:00 | AL26: OFFWE | AM26: OFFWE | AN26: 08:00 - 17:00 | AO26: 08:00 - 17:00 | AP26: 08:00 - 17:00 | AQ26: 08:00 - 17:00 | AR26: 08:00 - 17:00 | AS26: OFFWE | AT26: OFFWE | AU26: 08:00 - 17:00 | AV26: 08:00 - 17:00 | AW26: 08:00 - 17:00 | AX26: 08:00 - 17:00 | AY26: 08:00 - 17:00 | AZ26: OFFWE | BA26: OFFWE | BB26: 08:00 - 17:00 | BC26: 08:00 - 17:00 | BD26: 08:00 - 17:00 | BE26: 08:00 - 17:00 | BF26: 08:00 - 17:00 | BG26: OFFWE | BH26: OFFWE | BI26: 08:00 - 17:00 | BJ26: 08:00 - 17:00 | BK26: 08:00 - 17:00 | BL26: 08:00 - 17:00 | BM26: 08:00 - 17:00 | BN26: OFFWE | BO26: OFFWE | BP26: 08:00 - 17:00 | BQ26: 08:00 - 17:00 | BR26: 08:00 - 17:00 | BS26: 08:00 - 17:00 | BT26: 08:00 - 17:00 | BU26: OFFWE | BV26: OFFWE | BW26: 08:00 - 17:00 | BX26: 08:00 - 17:00 | BY26: 08:00 - 17:00 | BZ26: 08:00 - 17:00 | CA26: 08:00 - 17:00 | CB26: OFFWE | CC26: OFFWE | CD26: 08:00 - 17:00 | CE26: 08:00 - 17:00 | CF26: 08:00 - 17:00 | CG26: 08:00 - 17:00 | CH26: 08:00 - 17:00 | CI26: OFFWE | CJ26: OFFWE | CK26: 08:00 - 17:00 | CL26: 08:00 - 17:00 | CM26: 08:00 - 17:00 | CN26: 08:00 - 17:00 | CO26: 08:00 - 17:00 | CP26: OFFWE | CQ26: OFFWE | CR26: AL | CS26: AL | CT26: AL | CU26: AL | CV26: PH | CW26: OFFWE | CX26: OFFWE | CY26: PH | CZ26: AL | DA26: AL | DB26: AL | DC26: AL | DD26: OFFWE | DE26: OFFWE | DF26: AL | DG26: AL | DH26: AL | DI26: AL | DJ26: AL | DK26: OFFWE | DL26: OFFWE | DM26: 08:00 - 17:00 | DN26: 08:00 - 17:00 | DO26: 08:00 - 17:00 | DP26: 08:00 - 17:00 | DQ26: 08:00 - 17:00 | DR26: OFFWE | DS26: OFFWE | DT26: 08:00 - 17:00 | DU26: 08:00 - 17:00 | DV26: 08:00 - 17:00 | DW26: 08:00 - 17:00 | DX26: PH | DY26: OFFWE | DZ26: OFFWE | EA26: 08:00 - 17:00 | EB26: 08:00 - 17:00 | EC26: 08:00 - 17:00 | ED26: 08:00 - 17:00 | EE26: 08:00 - 17:00 | EF26: OFFWE | EG26: OFFWE | EH26: 08:00 - 17:00 | EI26: 08:00 - 17:00 | EJ26: 08:00 - 17:00 | EK26: PH | EL26: 08:00 - 17:00 | EM26: OFFWE | EN26: OFFWE | EO26: 08:00 - 17:00 | EP26: 08:00 - 17:00 | EQ26: 08:00 - 17:00 | ER26: 08:00 - 17:00 | ES26: 08:00 - 17:00 | ET26: OFFWE | EU26: OFFWE | EV26: PH | EW26: 08:00 - 17:00 | EX26: 08:00 - 17:00 | EY26: 08:00 - 17:00 | EZ26: 08:00 - 17:00 | FA26: OFFWE | FB26: OFFWE | IP26: AL | IQ26: AL | IR26: AL | IS26: AL | IT26: AL | IW26: AL | IX26: AL | IY26: AL | IZ26: AL | JA26: AL | JD26: AL | JE26: AL | JF26: AL | JG26: AL | JH26: AL
A27: 19 | B27: 9085123 | C27: Anil Bedzeti | D27: Full Time | E27: Chat | F27: Voice | G27: Karlo Coric | H27: PH | I27: 08:00 - 17:00 | J27: OFFWE | K27: OFFWE | L27: Settings | M27: Settings | N27: Settings | O27: Settings | P27: Settings | Q27: OFFWE | R27: OFFWE | S27: AL | T27: AL | U27: AL | V27: AL | W27: AL | X27: OFFWE | Y27: OFFWE | Z27: AL | AA27: AL | AB27: AL | AC27: AL | AD27: AL | AE27: OFFWE | AF27: OFFWE | AG27: AL | AH27: AL | AI27: AL | AJ27: AL | AK27: AL | AL27: OFFWE | AM27: OFFWE | AN27: 08:00 - 17:00 | AO27: 08:00 - 17:00 | AP27: 08:00 - 17:00 | AQ27: 08:00 - 17:00 | AR27: 08:00 - 17:00 | AS27: OFFWE | AT27: OFFWE | AU27: 08:00 - 17:00 | AV27: HSL * | AW27: SL | AX27: SL | AY27: SL | AZ27: OFFWE | BA27: OFFWE | BB27: 08:00 - 17:00 | BC27: 08:00 - 17:00 | BD27: 08:00 - 17:00 | BE27: 08:00 - 17:00 | BF27: 08:00 - 17:00 | BG27: OFFWE | BH27: OFFWE | BI27: 08:00 - 17:00 | BJ27: 08:00 - 17:00 | BK27: 08:00 - 17:00 | BL27: SL | BM27: SL | BN27: OFFWE | BO27: OFFWE | BP27: 08:00 - 17:00 | BQ27: 08:00 - 17:00 | BR27: 07:00 - 16:00 | BS27: 07:00 - 16:00 | BT27: SL | BU27: SL | BV27: SL | BW27: SL | BX27: SL | BY27: SL | BZ27: SL | CA27: SL | CB27: SL | CC27: SL | CD27: SL | CE27: SL | CF27: SL | CG27: SL | CH27: SL | CI27: OFFWE | CJ27: OFFWE | CK27: 07:00 - 16:00 | CL27: 07:00 - 16:00 | CM27: 07:00 - 16:00 | CN27: 07:00 - 16:00 | CO27: 07:00 - 16:00 | CP27: OFFWE | CQ27: OFFWE | CR27: 07:00 - 16:00 | CS27: 07:00 - 16:00 | CT27: SL | CU27: SL | CV27: PH | CW27: OFFWE | CX27: OFFWE | CY27: PH | CZ27: 09:00 - 18:00 | DA27: 09:00 - 18:00 | DB27: 09:00 - 18:00 | DC27: 09:00 - 18:00 | DD27: OFFWE | DE27: OFFWE | DF27: AL | DG27: AL | DH27: AL | DI27: AL | DJ27: AL | DK27: OFFWE | DL27: OFFWE | DM27: AL | DN27: AL | DO27: AL | DP27: AL | DQ27: AL | DR27: OFFWE | DS27: OFFWE | DT27: 09:00 - 18:00 | DU27: 09:00 - 18:00 | DV27: 09:00 - 18:00 | DW27: 09:00 - 18:00 | DX27: PH | DY27: OFFWE | DZ27: OFFWE | EA27: 09:00 - 18:00 | EB27: 09:00 - 18:00 | EC27: 09:00 - 18:00 | ED27: 09:00 - 18:00 | EE27: 09:00 - 18:00 | EF27: OFFWE | EG27: OFFWE | EH27: 07:00 - 16:00 | EI27: 07:00 - 16:00 | EJ27: 07:00 - 16:00 | EK27: PH | EL27: 07:00 - 16:00 | EM27: OFFWE | EN27: OFFWE | EO27: 07:00 - 16:00 | EP27: 07:00 - 16:00 | EQ27: 07:00 - 16:00 | ER27: 07:00 - 16:00 | ES27: 07:00 - 16:00 | ET27: OFFWE | EU27: OFFWE | EV27: PH | EW27: 09:00 - 18:00 | EX27: 09:00 - 18:00 | EY27: 09:00 - 18:00 | EZ27: 09:00 - 18:00 | FA27: OFFWE | FB27: OFFWE
A28: 20 | B28: 4451025 | C28: Benjamin Bitz | D28: Full Time | E28: Voice | F28: Voice | G28: Karlo Coric | H28: PH | I28: AL | J28: OFFWE | K28: OFFWE | L28: 08:00 - 16:00 | M28: 08:00 - 16:00 | N28: 08:00 - 16:00 | O28: 08:00 - 16:00 | P28: 08:00 - 16:00 | Q28: OFFWE | R28: OFFWE | S28: SL | T28: SL | U28: 08:00 - 16:00 | V28: 08:00 - 16:00 | W28: 08:00 - 16:00 | X28: OFFWE | Y28: OFFWE | Z28: 08:00 - 16:00 | AA28: 08:00 - 16:00 | AB28: 08:00 - 16:00 | AC28: 08:00 - 16:00 | AD28: 08:00 - 16:00 | AE28: OFFWE | AF28: OFFWE | AG28: 08:00 - 16:00 | AH28: AL | AI28: 08:00 - 16:00 | AJ28: 08:00 - 16:00 | AK28: 08:00 - 16:00 | AL28: OFFWE | AM28: OFFWE | AN28: 08:00 - 16:00 | AO28: 08:00 - 16:00 | AP28: 08:00 - 16:00 | AQ28: 08:00 - 16:00 | AR28: 08:00 - 16:00 | AS28: OFFWE | AT28: OFFWE | AU28: 08:00 - 16:00 | AV28: SL | AW28: 08:00 - 16:00 | AX28: 08:00 - 16:00 | AY28: 08:00 - 16:00 | AZ28: OFFWE | BA28: OFFWE | BB28: 08:00 - 16:00 | BC28: 08:00 - 16:00 | BD28: 08:00 - 16:00 | BE28: 08:00 - 16:00 | BF28: 08:00 - 16:00 | BG28: OFFWE | BH28: OFFWE | BI28: 08:00 - 16:00 | BJ28: 08:00 - 16:00 | BK28: 08:00 - 16:00 | BL28: 08:00 - 16:00 | BM28: 08:00 - 16:00 | BN28: OFFWE | BO28: OFFWE | BP28: 08:00 - 16:00 | BQ28: 08:00 - 16:00 | BR28: 08:00 - 16:00 | BS28: SL | BT28: SL | BU28: OFFWE | BV28: OFFWE | BW28: 08:00 - 16:00 | BX28: 08:00 - 16:00 | BY28: 08:00 - 16:00 | BZ28: 08:00 - 16:00 | CA28: 08:00 - 16:00 | CB28: OFFWE | CC28: OFFWE | CD28: 08:00 - 16:00 | CE28: 08:00 - 16:00 | CF28: 08:00 - 16:00 | CG28: 08:00 - 16:00 | CH28: 08:00 - 16:00 | CI28: OFFWE | CJ28: OFFWE | CK28: 08:00 - 16:00 | CL28: 08:00 - 16:00 | CM28: 08:00 - 16:00 | CN28: 08:00 - 16:00 | CO28: 08:00 - 16:00 | CP28: OFFWE | CQ28: OFFWE | CR28: AL | CS28: AL | CT28: AL | CU28: AL | CV28: PH | CW28: OFFWE | CX28: OFFWE | CY28: PH | CZ28: 08:00 - 16:00 | DA28: SL | DB28: SL | DC28: 08:00 - 16:00 | DD28: OFFWE | DE28: OFFWE | DF28: 08:00 - 16:00 | DG28: 08:00 - 16:00 | DH28: 08:00 - 16:00 | DI28: 08:00 - 16:00 | DJ28: 08:00 - 16:00 | DK28: OFFWE | DL28: OFFWE | DM28: 08:00 - 16:00 | DN28: 08:00 - 16:00 | DO28: 08:00 - 16:00 | DP28: 08:00 - 16:00 | DQ28: 08:00 - 16:00 | DR28: OFFWE | DS28: OFFWE | DT28: 08:00 - 16:00 | DU28: 08:00 - 16:00 | DV28: 08:00 - 16:00 | DW28: SL | DX28: PH | DY28: OFFWE | DZ28: OFFWE | EA28: 08:00 - 16:00 | EB28: 08:00 - 16:00 | EC28: SL | ED28: SL | EE28: 08:00 - 16:00 | EF28: OFFWE | EG28: OFFWE | EH28: 08:00 - 16:00 | EI28: 08:00 - 16:00 | EJ28: 08:00 - 16:00 | EK28: PH | EL28: 08:00 - 16:00 | EM28: OFFWE | EN28: OFFWE | EO28: 08:00 - 16:00 | EP28: 08:00 - 16:00 | EQ28: 08:00 - 16:00 | ER28: 08:00 - 16:00 | ES28: 08:00 - 16:00 | ET28: OFFWE | EU28: OFFWE | EV28: PH | EW28: 08:00 - 16:00 | EX28: 08:00 - 16:00 | EY28: 08:00 - 16:00 | EZ28: 08:00 - 16:00 | FA28: OFFWE | FB28: OFFWE
A29: 21 | B29: 4451022 | C29: Marcel Marc Bronheim | D29: Full Time | E29: Voice | F29: Voice | G29: Karlo Coric | H29: PH | I29: AL | J29: OFFWE | K29: OFFWE | L29: AL | M29: AL | N29: UL | O29: SL | P29: UL | Q29: OFFWE | R29: OFFWE | S29: 08:00 - 16:00 | T29: 08:00 - 16:00 | U29: 08:00 - 16:00 | V29: 08:00 - 16:00 | W29: 08:00 - 16:00 | X29: OFFWE | Y29: OFFWE | Z29: SL | AA29: SL | AB29: 08:00 - 16:00 | AC29: 08:00 - 16:00 | AD29: 08:00 - 16:00 | AE29: OFFWE | AF29: OFFWE | AG29: 08:00 - 16:00 | AH29: 08:00 - 16:00 | AI29: 08:00 - 16:00 | AJ29: UL | AK29: 08:00 - 16:00 | AL29: OFFWE | AM29: OFFWE | AN29: 08:00 - 16:00 | AO29: 08:00 - 16:00 | AP29: 08:00 - 16:00 | AQ29: 08:00 - 16:00 | AR29: 08:00 - 16:00 | AS29: OFFWE | AT29: OFFWE | AU29: 08:00 - 16:00 | AV29: 08:00 - 16:00 | AW29: 08:00 - 16:00 | AX29: 08:00 - 16:00 | AY29: UL | AZ29: OFFWE | BA29: OFFWE | BB29: SL | BC29: SL | BD29: SL | BE29: SL | BF29: SL | BG29: OFFWE | BH29: OFFWE | BI29: 08:00 - 16:00 | BJ29: 08:00 - 16:00 | BK29: 08:00 - 16:00 | BL29: 08:00 - 16:00 | BM29: 08:00 - 16:00 | BN29: OFFWE | BO29: OFFWE | BP29: 08:00 - 16:00 | BQ29: 08:00 - 16:00 | BR29: 08:00 - 16:00 | BS29: SL | BT29: SL | BU29: OFFWE | BV29: OFFWE | BW29: 08:00 - 16:00 | BX29: 08:00 - 16:00 | BY29: 08:00 - 16:00 | BZ29: 08:00 - 16:00 | CA29: 08:00 - 16:00 | CB29: OFFWE | CC29: OFFWE | CD29: 08:00 - 16:00 | CE29: 08:00 - 16:00 | CF29: 08:00 - 16:00 | CG29: 08:00 - 16:00 | CH29: 08:00 - 16:00 | CI29: OFFWE | CJ29: OFFWE | CK29: 08:00 - 16:00 | CL29: UL | CM29: SL | CN29: SL | CO29: SL | CP29: OFFWE | CQ29: OFFWE | CR29: AL | CS29: AL | CT29: AL | CU29: AL | CV29: PH | CW29: OFFWE | CX29: OFFWE | CY29: PH | CZ29: SL | DA29: SL | DB29: SL | DC29: SL | DD29: OFFWE | DE29: OFFWE | DF29: 08:00 - 16:00 | DG29: 08:00 - 16:00 | DH29: 08:00 - 16:00 | DI29: 08:00 - 16:00 | DJ29: 08:00 - 16:00 | DK29: OFFWE | DL29: OFFWE | DM29: 08:00 - 16:00 | DN29: SL | DO29: SL | DP29: SL | DQ29: SL | DR29: OFFWE | DS29: OFFWE | DT29: 08:00 - 16:00 | DU29: 08:00 - 16:00 | DV29: 08:00 - 16:00 | DW29: 08:00 - 16:00 | DX29: PH | DY29: OFFWE | DZ29: OFFWE | EA29: SL | EB29: SL | EC29: SL | ED29: SL | EE29: SL | EF29: OFFWE | EG29: OFFWE | EH29: SL | EI29: SL | EJ29: 08:00 - 16:00 | EK29: PH | EL29: 08:00 - 16:00 | EM29: OFFWE | EN29: OFFWE | EO29: 08:00 - 16:00 | EP29: 08:00 - 16:00 | EQ29: 08:00 - 16:00 | ER29: 08:00 - 16:00 | ES29: 08:00 - 16:00 | ET29: OFFWE | EU29: OFFWE | EV29: PH | EW29: 08:00 - 16:00 | EX29: 08:00 - 16:00 | EY29: 08:00 - 16:00 | EZ29: 08:00 - 16:00 | FA29: OFFWE | FB29: OFFWE | GZ29: AL | HA29: AL | HB29: AL | HC29: AL | HD29: AL | HG29: AL | HH29: AL | HI29: AL | HJ29: AL | HK29: AL | HN29: AL | HO29: AL | HP29: AL | HQ29: AL | HR29: AL | KQ29: AL | KT29: AL | KU29: AL | KV29: AL | KW29: AL | KX29: AL | MZ29: AL | NA29: AL | NE29: AL | NF29: AL | NG29: AL
A30: 22 | B30: 4451014 | C30: Stefan Burgdorf | D30: Full Time | E30: SSP | F30: Voice | G30: Karlo Coric | H30: PH | I30: 07:00 - 15:00 | J30: OFFWE | K30: OFFWE | L30: 07:00 - 15:00 | M30: SL | N30: SL | O30: SL | P30: SL | Q30: OFFWE | R30: OFFWE | S30: 07:00 - 15:00 | T30: 07:00 - 15:00 | U30: 07:00 - 15:00 | V30: 07:00 - 15:00 | W30: 07:00 - 15:00 | X30: OFFWE | Y30: OFFWE | Z30: 07:00 - 15:00 | AA30: 07:00 - 15:00 | AB30: 07:00 - 15:00 | AC30: 07:00 - 15:00 | AD30: 07:00 - 15:00 | AE30: OFFWE | AF30: OFFWE | AG30: 07:00 - 15:00 | AH30: 07:00 - 15:00 | AI30: 07:00 - 15:00 | AJ30: 07:00 - 15:00 | AK30: 07:00 - 15:00 | AL30: OFFWE | AM30: OFFWE | AN30: 07:00 - 15:00 | AO30: 07:00 - 15:00 | AP30: 07:00 - 15:00 | AQ30: 07:00 - 15:00 | AR30: 07:00 - 15:00 | AS30: OFFWE | AT30: OFFWE | AU30: 07:00 - 15:00 | AV30: 07:00 - 15:00 | AW30: 07:00 - 15:00 | AX30: 07:00 - 15:00 | AY30: 07:00 - 15:00 | AZ30: OFFWE | BA30: OFFWE | BB30: 07:00 - 15:00 | BC30: 07:00 - 15:00 | BD30: 07:00 - 15:00 | BE30: 07:00 - 15:00 | BF30: 07:00 - 15:00 | BG30: OFFWE | BH30: OFFWE | BI30: 07:00 - 15:00 | BJ30: 07:00 - 15:00 | BK30: 07:00 - 15:00 | BL30: 07:00 - 15:00 | BM30: 07:00 - 15:00 | BN30: OFFWE | BO30: OFFWE | BP30: AL | BQ30: AL | BR30: 07:00 - 15:00 | BS30: 07:00 - 15:00 | BT30: 07:00 - 15:00 | BU30: OFFWE | BV30: OFFWE | BW30: AL | BX30: AL | BY30: AL | BZ30: AL | CA30: AL | CB30: OFFWE | CC30: OFFWE | CD30: 07:00 - 15:00 | CE30: 07:00 - 15:00 | CF30: 07:00 - 15:00 | CG30: 07:00 - 15:00 | CH30: 07:00 - 15:00 | CI30: OFFWE | CJ30: OFFWE | CK30: 07:00 - 15:00 | CL30: 07:00 - 15:00 | CM30: HAL * | CN30: AL | CO30: 07:00 - 15:00 | CP30: OFFWE | CQ30: OFFWE | CR30: AL | CS30: AL | CT30: AL | CU30: AL | CV30: PH | CW30: OFFWE | CX30: OFFWE | CY30: PH | CZ30: AL | DA30: 07:00 - 15:00 | DB30: 07:00 - 15:00 | DC30: 07:00 - 15:00 | DD30: OFFWE | DE30: OFFWE | DF30: 07:00 - 15:00 | DG30: 07:00 - 15:00 | DH30: 07:00 - 15:00 | DI30: 07:00 - 15:00 | DJ30: 07:00 - 15:00 | DK30: OFFWE | DL30: OFFWE | DM30: 07:00 - 15:00 | DN30: 07:00 - 15:00 | DO30: 07:00 - 15:00 | DP30: 07:00 - 15:00 | DQ30: 07:00 - 15:00 | DR30: OFFWE | DS30: OFFWE | DT30: 07:00 - 15:00 | DU30: 07:00 - 15:00 | DV30: 07:00 - 15:00 | DW30: 07:00 - 15:00 | DX30: PH | DY30: OFFWE | DZ30: OFFWE | EA30: 07:00 - 15:00 | EB30: 07:00 - 15:00 | EC30: 07:00 - 15:00 | ED30: 07:00 - 15:00 | EE30: 07:00 - 15:00 | EF30: OFFWE | EG30: OFFWE | EH30: 07:00 - 15:00 | EI30: 07:00 - 15:00 | EJ30: 07:00 - 15:00 | EK30: PH | EL30: AL | EM30: OFFWE | EN30: OFFWE | EO30: 07:00 - 15:00 | EP30: 07:00 - 15:00 | EQ30: 07:00 - 15:00 | ER30: 07:00 - 15:00 | ES30: 07:00 - 15:00 | ET30: OFFWE | EU30: OFFWE | EV30: PH | EW30: 07:00 - 15:00 | EX30: 07:00 - 15:00 | EY30: 07:00 - 15:00 | EZ30: 07:00 - 15:00 | FA30: OFFWE | FB30: OFFWE | HN30: AL | HO30: AL | HP30: AL | HQ30: AL | HR30: AL | HS30: OFFWE | HT30: OFFWE | HU30: AL | HV30: AL | HW30: AL | HX30: AL | HY30: AL | HZ30: OFFWE | IA30: OFFWE | KM30: AL | KN30: AL | KO30: AL | KP30: AL | KQ30: AL
A31: 23 | B31: 3193177 | C31: Gunter Dinkelmann | D31: Full Time | E31: VWIC | F31: Voice | G31: Oliver Schleusen | AU31: 08:00 - 17:00 | AV31: 08:00 - 17:00 | AW31: 08:00 - 17:00 | AX31: 08:00 - 17:00 | AY31: 08:00 - 17:00 | AZ31: OFFWE | BA31: OFFWE | BB31: 08:00 - 17:00 | BC31: 08:00 - 17:00 | BD31: 08:00 - 17:00 | BE31: 08:00 - 17:00 | BF31: 08:00 - 17:00 | BG31: OFFWE | BH31: OFFWE | BI31: UL | BJ31: 08:00 - 17:00 | BK31: 08:00 - 17:00 | BL31: 08:00 - 17:00 | BM31: 08:00 - 17:00 | BN31: OFFWE | BO31: OFFWE | BP31: 08:00 - 17:00 | BQ31: 08:00 - 17:00 | BR31: SL | BS31: 08:00 - 17:00 | BT31: SL | BU31: OFFWE | BV31: OFFWE | BW31: SL | BX31: 08:00 - 17:00 | BY31: 08:00 - 17:00 | BZ31: 08:00 - 17:00 | CA31: 08:00 - 17:00 | CB31: OFFWE | CC31: OFFWE | CD31: 08:00 - 17:00 | CE31: 08:00 - 17:00 | CF31: 08:00 - 17:00 | CG31: 08:00 - 17:00 | CH31: 08:00 - 17:00 | CI31: OFFWE | CJ31: OFFWE | CK31: 08:00 - 17:00 | CL31: 08:00 - 17:00 | CM31: 08:00 - 17:00 | CN31: 08:00 - 17:00 | CO31: 08:00 - 17:00 | CP31: OFFWE | CQ31: OFFWE | CR31: Settings | CS31: Settings | CT31: Settings | CU31: 08:00 - 17:00 | CV31: PH | CW31: OFFWE | CX31: OFFWE | CY31: PH | CZ31: 08:00 - 17:00 | DA31: 08:00 - 17:00 | DB31: 08:00 - 17:00 | DC31: 08:00 - 17:00 | DD31: OFFWE | DE31: OFFWE | DF31: 08:00 - 17:00 | DG31: 08:00 - 17:00 | DH31: 08:00 - 17:00 | DI31: 08:00 - 17:00 | DJ31: 08:00 - 17:00 | DK31: OFFWE | DL31: OFFWE | DM31: 08:00 - 17:00 | DN31: 08:00 - 17:00 | DO31: 08:00 - 17:00 | DP31: 08:00 - 17:00 | DQ31: 08:00 - 17:00 | DR31: OFFWE | DS31: OFFWE | DT31: 08:00 - 17:00 | DU31: 08:00 - 17:00 | DV31: 08:00 - 17:00 | DW31: 08:00 - 17:00 | DX31: PH | DY31: OFFWE | DZ31: OFFWE | EA31: AL | EB31: AL | EC31: AL | ED31: AL | EE31: AL | EF31: OFFWE | EG31: OFFWE | EH31: 08:00 - 17:00 | EI31: 08:00 - 17:00 | EJ31: 08:00 - 17:00 | EK31: PH | EL31: 08:00 - 17:00 | EM31: OFFWE | EN31: OFFWE | EO31: 08:00 - 17:00 | EP31: 08:00 - 17:00 | EQ31: 08:00 - 17:00 | ER31: 08:00 - 17:00 | ES31: 08:00 - 17:00 | ET31: OFFWE | EU31: OFFWE | EV31: PH | EW31: 08:00 - 17:00 | EX31: 08:00 - 17:00 | EY31: 08:00 - 17:00 | EZ31: 08:00 - 17:00 | FA31: OFFWE | FB31: OFFWE
A32: 24 | B32: 3193175 | C32: Isloodien Hurchem Lawrence | D32: Full Time | E32: VWIC | F32: Voice | G32: Oliver Schleusen | AU32: UL | AV32: UL | AW32: UL | AX32: UL | AY32: UL | AZ32: OFFWE | BA32: OFFWE | BB32: 08:00 - 17:00 | BC32: 08:00 - 17:00 | BD32: 08:00 - 17:00 | BE32: 08:00 - 17:00 | BF32: 08:00 - 17:00 | BG32: OFFWE | BH32: OFFWE | BI32: 08:00 - 17:00 | BJ32: 08:00 - 17:00 | BK32: 08:00 - 17:00 | BL32: 08:00 - 17:00 | BM32: 08:00 - 17:00 | BN32: OFFWE | BO32: OFFWE | BP32: 08:00 - 17:00 | BQ32: 08:00 - 17:00 | BR32: 08:00 - 17:00 | BS32: 08:00 - 17:00 | BT32: 08:00 - 17:00 | BU32: OFFWE | BV32: OFFWE | BW32: 08:00 - 17:00 | BX32: 08:00 - 17:00 | BY32: 08:00 - 17:00 | BZ32: 08:00 - 17:00 | CA32: 08:00 - 17:00 | CB32: OFFWE | CC32: OFFWE | CD32: 08:00 - 17:00 | CE32: 08:00 - 17:00 | CF32: 08:00 - 17:00 | CG32: 08:00 - 17:00 | CH32: 08:00 - 17:00 | CI32: OFFWE | CJ32: OFFWE | CK32: 08:00 - 17:00 | CL32: 08:00 - 17:00 | CM32: 08:00 - 17:00 | CN32: 08:00 - 17:00 | CO32: 08:00 - 17:00 | CP32: OFFWE | CQ32: OFFWE | CR32: 08:00 - 17:00 | CS32: 08:00 - 17:00 | CT32: 08:00 - 17:00 | CU32: 08:00 - 17:00 | CV32: PH | CW32: OFFWE | CX32: OFFWE | CY32: PH | CZ32: 08:00 - 17:00 | DA32: 08:00 - 17:00 | DB32: 08:00 - 17:00 | DC32: 08:00 - 17:00 | DD32: OFFWE | DE32: OFFWE | DF32: 08:00 - 17:00 | DG32: 08:00 - 17:00 | DH32: 08:00 - 17:00 | DI32: 08:00 - 17:00 | DJ32: 08:00 - 17:00 | DK32: OFFWE | DL32: OFFWE | DM32: 08:00 - 17:00 | DN32: 08:00 - 17:00 | DO32: 08:00 - 17:00 | DP32: 08:00 - 17:00 | DQ32: 08:00 - 17:00 | DR32: OFFWE | DS32: OFFWE | DT32: 08:00 - 17:00 | DU32: 08:00 - 17:00 | DV32: 08:00 - 17:00 | DW32: 08:00 - 17:00 | DX32: PH | DY32: OFFWE | DZ32: OFFWE | EA32: 08:00 - 17:00 | EB32: 08:00 - 17:00 | EC32: 08:00 - 17:00 | ED32: 08:00 - 17:00 | EE32: 08:00 - 17:00 | EF32: OFFWE | EG32: OFFWE | EH32: 08:00 - 17:00 | EI32: 08:00 - 17:00 | EJ32: 08:00 - 17:00 | EK32: PH | EL32: 08:00 - 17:00 | EM32: OFFWE | EN32: OFFWE | EO32: 08:00 - 17:00 | EP32: AL | EQ32: 08:00 - 17:00 | ER32: 08:00 - 17:00 | ES32: 08:00 - 17:00 | ET32: OFFWE | EU32: OFFWE | EV32: PH | EW32: AL | EX32: AL | EY32: 08:00 - 17:00 | EZ32: 08:00 - 17:00 | FA32: OFFWE | FB32: OFFWE | FE32: AL | FG32: AL | FJ32: AL | FK32: AL | FL32: AL | FM32: AL
A33: 25 | B33: 3193174 | C33: Anifa Ngcongo | D33: Full Time | E33: Voice | F33: Voice | G33: Oliver Schleusen | AU33: 08:00 - 17:00 | AV33: 08:00 - 17:00 | AW33: 08:00 - 17:00 | AX33: 08:00 - 17:00 | AY33: 08:00 - 17:00 | AZ33: OFFWE | BA33: OFFWE | BB33: 08:00 - 17:00 | BC33: 08:00 - 17:00 | BD33: 08:00 - 17:00 | BE33: 08:00 - 17:00 | BF33: 08:00 - 17:00 | BG33: OFFWE | BH33: OFFWE | BI33: 08:00 - 17:00 | BJ33: SL | BK33: 08:00 - 17:00 | BL33: 08:00 - 17:00 | BM33: 08:00 - 17:00 | BN33: OFFWE | BO33: OFFWE | BP33: 08:00 - 17:00 | BQ33: HSL * | BR33: 08:00 - 17:00 | BS33: 08:00 - 17:00 | BT33: Settings | BU33: OFFWE | BV33: OFFWE | BW33: Settings | BX33: UL | BY33: 08:00 - 17:00 | BZ33: 08:00 - 17:00 | CA33: 08:00 - 17:00 | CB33: OFFWE | CC33: OFFWE | CD33: 08:00 - 17:00 | CE33: SL | CF33: 08:00 - 17:00 | CG33: SL | CH33: 08:00 - 17:00 | CI33: OFFWE | CJ33: OFFWE | CK33: 08:00 - 17:00 | CL33: SL | CM33: OL | CN33: OL | CO33: OL | CP33: OFFWE | CQ33: OFFWE | CR33: OL | CS33: OL | CT33: OL | CU33: OL | CV33: PH | CW33: OFFWE | CX33: OFFWE | CY33: PH | CZ33: OL | DA33: OL | DB33: OL | DC33: OL | DD33: OFFWE | DE33: OFFWE | DF33: OL | DG33: OL | DH33: OL | DI33: OL | DJ33: OL | DK33: OFFWE | DL33: OFFWE | DM33: OL | DN33: OL | DO33: OL | DP33: OL | DQ33: OL | DR33: OFFWE | DS33: OFFWE | DT33: OL | DU33: OL | DV33: OL | DW33: OL | DX33: PH | DY33: OFFWE | DZ33: OFFWE | EA33: OL | EB33: OL | EC33: OL | ED33: OL | EE33: OL | EF33: OFFWE | EG33: OFFWE | EH33: OL | EI33: OL | EJ33: OL | EK33: PH | EL33: OL | EM33: OFFWE | EN33: OFFWE | EO33: OL | EP33: OL | EQ33: OL | ER33: OL | ES33: OL | ET33: OFFWE | EU33: OFFWE | EV33: PH | EW33: OL | EX33: OL | EY33: OL | EZ33: OL | FA33: OFFWE | FB33: OFFWE
A34: 26 | B34: 3193178 | C34: Samantha Buys | D34: Full Time | E34: Voice | F34: Voice | G34: Oliver Schleusen | AU34: SL | AV34: SL | AW34: SL | AX34: SL | AY34: SL | AZ34: SL | BA34: SL | BB34: SL | BC34: SL | BD34: SL | BE34: SL | BF34: SL | BG34: SL | BH34: SL | BI34: SL | BJ34: SL | BK34: SL | BL34: SL | BM34: SL | BN34: OFFWE | BO34: OFFWE | BP34: SL | BQ34: SL | BR34: SL | BS34: SL | BT34: SL | BU34: OFFWE | BV34: OFFWE | BW34: SL | BX34: SL | BY34: SL | BZ34: SL | CA34: SL | CB34: OFFWE | CC34: OFFWE | CD34: SL | CE34: SL | CF34: SL | CG34: SL | CH34: SL | CI34: OFFWE | CJ34: OFFWE | CK34: SL | CL34: SL | CM34: SL | CN34: SL | CO34: SL | CP34: OFFWE | CQ34: OFFWE | CR34: SL | CS34: SL | CT34: SL | CU34: SL | CV34: PH | CW34: OFFWE | CX34: OFFWE | CY34: PH | CZ34: SL | DA34: SL | DB34: SL | DC34: SL | DD34: OFFWE | DE34: OFFWE | DF34: SL | DG34: SL | DH34: SL | DI34: SL | DJ34: SL | DK34: OFFWE | DL34: OFFWE | DM34: SL | DN34: SL | DO34: SL | DP34: SL | DQ34: SL | DR34: OFFWE | DS34: OFFWE | DT34: SL | DU34: SL | DV34: SL | DW34: SL | DX34: PH | DY34: OFFWE | DZ34: OFFWE | EA34: SL | EB34: SL | EC34: SL | ED34: SL | EE34: SL | EF34: OFFWE | EG34: OFFWE | EH34: SL | EI34: SL | EJ34: SL | EK34: PH | EL34: SL | EM34: OFFWE | EN34: OFFWE | EO34: SL | EP34: SL | EQ34: SL | ER34: SL | ES34: SL | ET34: OFFWE | EU34: OFFWE | EV34: PH | EW34: SL | EX34: SL | EY34: SL | EZ34: SL | FA34: OFFWE | FB34: OFFWE
A35: 27 | B35: 3193180 | C35: Cortneigh Halim | D35: Full Time | E35: Voice | F35: Voice | G35: Oliver Schleusen | AU35: 08:00 - 17:00 | AV35: 08:00 - 17:00 | AW35: UL | AX35: UL | AY35: 08:00 - 17:00 | AZ35: OFFWE | BA35: OFFWE | BB35: 08:00 - 17:00 | BC35: 08:00 - 17:00 | BD35: 08:00 - 17:00 | BE35: 08:00 - 17:00 | BF35: 08:00 - 17:00 | BG35: OFFWE | BH35: OFFWE | BI35: 08:00 - 17:00 | BJ35: 08:00 - 17:00 | BK35: 08:00 - 17:00 | BL35: 08:00 - 17:00 | BM35: SL | BN35: OFFWE | BO35: OFFWE | BP35: 08:00 - 17:00 | BQ35: Settings | BR35: Settings | BS35: Settings | BT35: Settings | BU35: OFFWE | BV35: OFFWE | BW35: Settings | BX35: UL | BY35: UL | BZ35: 08:00 - 17:00 | CA35: 08:00 - 17:00 | CB35: OFFWE | CC35: OFFWE | CD35: 08:00 - 17:00 | CE35: 08:00 - 17:00 | CF35: 08:00 - 17:00 | CG35: 08:00 - 17:00 | CH35: 08:00 - 17:00 | CI35: OFFWE | CJ35: OFFWE | CK35: 08:00 - 17:00 | CL35: 08:00 - 17:00 | CM35: 08:00 - 17:00 | CN35: 08:00 - 17:00 | CO35: 08:00 - 17:00 | CP35: OFFWE | CQ35: OFFWE | CR35: 08:00 - 17:00 | CS35: 08:00 - 17:00 | CT35: 08:00 - 17:00 | CU35: 08:00 - 17:00 | CV35: PH | CW35: OFFWE | CX35: OFFWE | CY35: PH | CZ35: 08:00 - 17:00 | DA35: 08:00 - 17:00 | DB35: 08:00 - 17:00 | DC35: 08:00 - 17:00 | DD35: OFFWE | DE35: OFFWE | DF35: 08:00 - 17:00 | DG35: 08:00 - 17:00 | DH35: 08:00 - 17:00 | DI35: AL | DJ35: AL | DK35: OFFWE | DL35: OFFWE | DM35: AL | DN35: AL | DO35: AL | DP35: AL | DQ35: AL | DR35: OFFWE | DS35: OFFWE | DT35: AL | DU35: AL | DV35: AL | DW35: AL | DX35: PH | DY35: OFFWE | DZ35: OFFWE | EA35: AL | EB35: 08:00 - 17:00 | EC35: 08:00 - 17:00 | ED35: 08:00 - 17:00 | EE35: 08:00 - 17:00 | EF35: OFFWE | EG35: OFFWE | EH35: 08:00 - 17:00 | EI35: 08:00 - 17:00 | EJ35: 08:00 - 17:00 | EK35: PH | EL35: 08:00 - 17:00 | EM35: OFFWE | EN35: OFFWE | EO35: 08:00 - 17:00 | EP35: 08:00 - 17:00 | EQ35: 08:00 - 17:00 | ER35: 08:00 - 17:00 | ES35: 08:00 - 17:00 | ET35: OFFWE | EU35: OFFWE | EV35: PH | EW35: 08:00 - 17:00 | EX35: 08:00 - 17:00 | EY35: 08:00 - 17:00 | EZ35: 08:00 - 17:00 | FA35: OFFWE | FB35: OFFWE
A36: 28 | B36: 9128158 | C36: Erne Kis | D36: Full Time | E36: Chat CRO | F36: Chat | G36: Karlo Coric | L36: 08:00 - 17:00 Training | M36: 08:00 - 17:00 Training | N36: 08:00 - 17:00 Training | O36: 08:00 - 17:00 Training | P36: 08:00 - 17:00 Training | Q36: OFFWE | R36: OFFWE | S36: 08:00 - 17:00 Training | T36: 08:00 - 17:00 Training | U36: 08:00 - 17:00 Training | V36: 08:00 - 17:00 Training | W36: 08:00 - 17:00 Training | X36: OFFWE | Y36: OFFWE | Z36: 08:00 - 17:00 Training | AA36: 08:00 - 17:00 Training | AB36: 08:00 - 17:00 Training | AC36: 08:00 - 17:00 Training | AD36: 08:00 - 17:00 Training | AE36: OFFWE | AF36: OFFWE | AG36: 08:00 - 17:00 Training | AH36: 08:00 - 17:00 Training | AI36: 08:00 - 17:00 Training | AJ36: 08:00 - 17:00 Training | AK36: 08:00 - 17:00 Training | AL36: OFFWE | AM36: OFFWE | AN36: 08:00 - 17:00 Training | AO36: 08:00 - 17:00 Training | AP36: 08:00 - 17:00 Training | AQ36: 08:00 - 17:00 Training | AR36: 08:00 - 17:00 Training | AS36: OFFWE | AT36: OFFWE | AU36: 08:00 - 17:00 | AV36: 08:00 - 17:00 | AW36: 08:00 - 17:00 | AX36: 08:00 - 17:00 | AY36: 08:00 - 17:00 | AZ36: OFFWE | BA36: OFFWE | BB36: 08:00 - 17:00 | BC36: 08:00 - 17:00 | BD36: 08:00 - 17:00 | BE36: 08:00 - 17:00 | BF36: 08:00 - 17:00 | BG36: OFFWE | BH36: OFFWE | BI36: 08:00 - 17:00 | BJ36: 08:00 - 17:00 | BK36: 08:00 - 17:00 | BL36: 08:00 - 17:00 | BM36: 08:00 - 17:00 | BN36: OFFWE | BO36: OFFWE | BP36: 08:00 - 17:00 | BQ36: 08:00 - 17:00 | BR36: 08:00 - 17:00 | BS36: 08:00 - 17:00 | BT36: 08:00 - 17:00 | BU36: OFFWE | BV36: OFFWE | BW36: 07:00 - 16:00 | BX36: 07:00 - 16:00 | BY36: 07:00 - 16:00 | BZ36: 07:00 - 16:00 | CA36: 07:00 - 16:00 | CB36: OFFWE | CC36: OFFWE | CD36: 09:00 - 18:00 | CE36: 07:00 - 16:00 | CF36: 09:00 - 18:00 | CG36: 09:00 - 18:00 | CH36: 09:00 - 18:00 | CI36: OFFWE | CJ36: OFFWE | CK36: 09:00 - 18:00 | CL36: 09:00 - 18:00 | CM36: 09:00 - 18:00 | CN36: 09:00 - 18:00 | CO36: 09:00 - 18:00 | CP36: OFFWE | CQ36: OFFWE | CR36: AL | CS36: AL | CT36: AL | CU36: AL | CV36: PH | CW36: OFFWE | CX36: OFFWE | CY36: PH | CZ36: AL | DA36: AL | DB36: AL | DC36: AL | DD36: OFFWE | DE36: OFFWE | DF36: 07:00 - 16:00 | DG36: 07:00 - 16:00 | DH36: 07:00 - 16:00 | DI36: 07:00 - 16:00 | DJ36: 07:00 - 16:00 | DK36: OFFWE | DL36: OFFWE | DM36: 09:00 - 18:00 | DN36: 09:00 - 18:00 | DO36: 09:00 - 18:00 | DP36: 09:00 - 18:00 | DQ36: 09:00 - 18:00 | DR36: OFFWE | DS36: OFFWE | DT36: 07:00 - 16:00 | DU36: 07:00 - 16:00 | DV36: 07:00 - 16:00 | DW36: 07:00 - 16:00 | DX36: PH | DY36: OFFWE | DZ36: OFFWE | EA36: 07:00 - 16:00 | EB36: 09:00 - 18:00 | EC36: 09:00 - 18:00 | ED36: 09:00 - 18:00 | EE36: 09:00 - 18:00 | EF36: OFFWE | EG36: OFFWE | EH36: 07:00 - 16:00 | EI36: 07:00 - 16:00 | EJ36: 07:00 - 16:00 | EK36: PH | EL36: 07:00 - 16:00 | EM36: OFFWE | EN36: OFFWE | EO36: 07:00 - 16:00 | EP36: 07:00 - 16:00 | EQ36: 07:00 - 16:00 | ER36: AL | ES36: AL | ET36: OFFWE | EU36: OFFWE | EV36: PH | EW36: AL | EX36: AL | EY36: 07:00 - 16:00 | EZ36: 07:00 - 16:00 | FA36: OFFWE | FB36: OFFWE
A37: 29 | B37: 9126877 | C37: Ahmed Hasanovic | D37: Full Time | E37: Voice | F37: Chat | G37: Karlo Coric | H37: PH | I37: 08:00 - 17:00 Training | J37: OFFWE | K37: OFFWE | L37: 08:00 - 17:00 Training | M37: 08:00 - 17:00 Training | N37: 08:00 - 17:00 Training | O37: 08:00 - 17:00 Training | P37: 08:00 - 17:00 Training | Q37: OFFWE | R37: OFFWE | S37: 08:00 - 17:00 Training | T37: 08:00 - 17:00 Training | U37: 08:00 - 17:00 Training | V37: 08:00 - 17:00 Training | W37: 08:00 - 17:00 Training | X37: OFFWE | Y37: OFFWE | Z37: 08:00 - 17:00 Training | AA37: 08:00 - 17:00 Training | AB37: 08:00 - 17:00 Training | AC37: 08:00 - 17:00 Training | AD37: 08:00 - 17:00 Training | AE37: OFFWE | AF37: OFFWE | AG37: 08:00 - 17:00 Training | AH37: 08:00 - 17:00 Training | AI37: 08:00 - 17:00 Training | AJ37: 08:00 - 17:00 Training | AK37: 08:00 - 17:00 Training | AL37: OFFWE | AM37: OFFWE | AN37: 08:00 - 17:00 Training | AO37: 08:00 - 17:00 Training | AP37: 08:00 - 17:00 Training | AQ37: 08:00 - 17:00 Training | AR37: 08:00 - 17:00 Training | AS37: OFFWE | AT37: OFFWE | AU37: 08:00 - 17:00 Training | AV37: 08:00 - 17:00 Training | AW37: 08:00 - 17:00 Training | AX37: 08:00 - 17:00 Training | AY37: 08:00 - 17:00 Training | AZ37: OFFWE | BA37: OFFWE | BB37: 08:00 - 17:00 | BC37: 08:00 - 17:00 | BD37: 08:00 - 17:00 | BE37: 08:00 - 17:00 | BF37: 08:00 - 17:00 | BG37: OFFWE | BH37: OFFWE | BI37: 08:00 - 17:00 | BJ37: 08:00 - 17:00 | BK37: 08:00 - 17:00 | BL37: 08:00 - 17:00 | BM37: SL | BN37: OFFWE | BO37: OFFWE | BP37: 08:00 - 17:00 | BQ37: 08:00 - 17:00 | BR37: 09:00 - 18:00 | BS37: 09:00 - 18:00 | BT37: 09:00 - 18:00 | BU37: OFFWE | BV37: OFFWE | BW37: 09:00 - 18:00 | BX37: 09:00 - 18:00 | BY37: 09:00 - 18:00 | BZ37: 09:00 - 18:00 | CA37: 09:00 - 18:00 | CB37: OFFWE | CC37: OFFWE | CD37: 07:00 - 16:00 | CE37: 07:00 - 16:00 | CF37: 07:00 - 16:00 | CG37: OL | CH37: 07:00 - 16:00 | CI37: OFFWE | CJ37: OFFWE | CK37: 07:00 - 16:00 | CL37: 07:00 - 16:00 | CM37: 07:00 - 16:00 | CN37: 07:00 - 16:00 | CO37: 07:00 - 16:00 | CP37: OFFWE | CQ37: OFFWE | CR37: 09:00 - 18:00 | CS37: 09:00 - 18:00 | CT37: 09:00 - 18:00 | CU37: 07:00 - 16:00 | CV37: PH | CW37: OFFWE | CX37: OFFWE | CY37: PH | CZ37: 07:00 - 16:00 | DA37: 07:00 - 16:00 | DB37: 07:00 - 16:00 | DC37: 07:00 - 16:00 | DD37: OFFWE | DE37: OFFWE | DF37: 09:00 - 18:00 | DG37: 09:00 - 18:00 | DH37: 09:00 - 18:00 | DI37: 09:00 - 18:00 | DJ37: 09:00 - 18:00 | DK37: OFFWE | DL37: OFFWE | DM37: 07:00 - 16:00 | DN37: 07:00 - 16:00 | DO37: 07:00 - 16:00 | DP37: 07:00 - 16:00 | DQ37: 07:00 - 16:00 | DR37: OFFWE | DS37: OFFWE | DT37: 08:00 - 17:00 | DU37: 08:00 - 17:00 | DV37: 08:00 - 17:00 | DW37: 08:00 - 17:00 | DX37: PH | DY37: OFFWE | DZ37: OFFWE | EA37: 08:00 - 17:00 | EB37: 08:00 - 17:00 | EC37: 08:00 - 17:00 | ED37: 08:00 - 17:00 | EE37: 08:00 - 17:00 | EF37: OFFWE | EG37: OFFWE | EH37: 08:00 - 17:00 | EI37: 08:00 - 17:00 | EJ37: 08:00 - 17:00 | EK37: PH | EL37: 08:00 - 17:00 | EM37: OFFWE | EN37: OFFWE | EO37: 08:00 - 17:00 | EP37: 08:00 - 17:00 | EQ37: 08:00 - 17:00 | ER37: 08:00 - 17:00 | ES37: 08:00 - 17:00 | ET37: OFFWE | EU37: OFFWE | EV37: PH | EW37: 08:00 - 17:00 | EX37: 08:00 - 17:00 | EY37: 08:00 - 17:00 | EZ37: 08:00 - 17:00 | FA37: OFFWE | FB37: OFFWE | HN37: AL | HO37: AL | HP37: AL | HQ37: AL | HR37: AL | HS37: OFFWE | HT37: OFFWE | HU37: AL | HV37: AL | HW37: AL | HX37: AL | HY37: AL | HZ37: OFFWE | IA37: OFFWE | IB37: AL | IC37: AL | ID37: AL | IE37: AL | IF37: AL | IG37: OFFWE | IH37: OFFWE
A38: 30 | B38: 9083024 | C38: Ercan Akdeniz | D38: Full Time | E38: Trainer | F38: Voice | G38: Oliver Schleusen | H38: PH | I38: AL | J38: OFFWE | K38: OFFWE | L38: 08:00 - 17:00 | M38: 08:00 - 17:00 | N38: 08:00 - 17:00 | O38: 08:00 - 17:00 | P38: 08:00 - 17:00 | Q38: OFFWE | R38: OFFWE | S38: 08:00 - 17:00 | T38: 08:00 - 17:00 | U38: 08:00 - 17:00 | V38: 08:00 - 17:00 | W38: 08:00 - 17:00 | X38: OFFWE | Y38: OFFWE | Z38: AL | AA38: 08:00 - 17:00 | AB38: 08:00 - 17:00 | AC38: 08:00 - 17:00 | AD38: AL | AE38: OFFWE | AF38: OFFWE | AG38: 08:00 - 17:00 | AH38: 08:00 - 17:00 | AI38: AL | AJ38: 08:00 - 17:00 | AK38: 08:00 - 17:00 | AL38: OFFWE | AM38: OFFWE | AN38: AL | AO38: 08:00 - 17:00 | AP38: 08:00 - 17:00 | AQ38: 08:00 - 17:00 | AR38: 08:00 - 17:00 | AS38: OFFWE | AT38: OFFWE | AU38: 08:00 - 17:00 | AV38: 08:00 - 17:00 | AW38: AL | AX38: 08:00 - 17:00 | AY38: 08:00 - 17:00 | AZ38: OFFWE | BA38: OFFWE | BB38: 08:00 - 17:00 | BC38: 08:00 - 17:00 | BD38: 08:00 - 17:00 | BE38: 08:00 - 17:00 | BF38: 08:00 - 17:00 | BG38: OFFWE | BH38: OFFWE | BI38: 08:00 - 17:00 | BJ38: 08:00 - 17:00 | BK38: 08:00 - 17:00 | BL38: 08:00 - 17:00 | BM38: 08:00 - 17:00 | BN38: OFFWE | BO38: OFFWE | BP38: 08:00 - 17:00 | BQ38: 08:00 - 17:00 | BR38: 08:00 - 17:00 | BS38: 08:00 - 17:00 | BT38: 08:00 - 17:00 | BU38: OFFWE | BV38: OFFWE | BW38: AL | BX38: AL | BY38: AL | BZ38: AL | CA38: AL | CB38: OFFWE | CC38: OFFWE | CD38: AL | CE38: 08:00 - 17:00 | CF38: 08:00 - 17:00 | CG38: 08:00 - 17:00 | CH38: 08:00 - 17:00 | CI38: OFFWE | CJ38: OFFWE | CK38: 08:00 - 17:00 | CL38: 08:00 - 17:00 | CM38: 08:00 - 17:00 | CN38: 08:00 - 17:00 | CO38: 08:00 - 17:00 | CP38: OFFWE | CQ38: OFFWE | CR38: 08:00 - 17:00 | CS38: 08:00 - 17:00 | CT38: 08:00 - 17:00 | CU38: 08:00 - 17:00 | CV38: PH | CW38: OFFWE | CX38: OFFWE | CY38: PH | CZ38: 08:00 - 17:00 | DA38: 08:00 - 17:00 | DB38: 08:00 - 17:00 | DC38: 08:00 - 17:00 | DD38: OFFWE | DE38: OFFWE | DF38: 08:00 - 17:00 | DG38: 08:00 - 17:00 | DH38: 08:00 - 17:00 | DI38: 08:00 - 17:00 | DJ38: 08:00 - 17:00 | DK38: OFFWE | DL38: OFFWE | DM38: 08:00 - 17:00 | DN38: 08:00 - 17:00 | DO38: 08:00 - 17:00 | DP38: 08:00 - 17:00 | DQ38: 08:00 - 17:00 | DR38: OFFWE | DS38: OFFWE | DT38: 08:00 - 17:00 | DU38: 08:00 - 17:00 | DV38: 08:00 - 17:00 | DW38: 08:00 - 17:00 | DX38: PH | DY38: OFFWE | DZ38: OFFWE | EA38: 08:00 - 17:00 | EB38: 08:00 - 17:00 | EC38: 08:00 - 17:00 | ED38: 08:00 - 17:00 | EE38: 08:00 - 17:00 | EF38: OFFWE | EG38: OFFWE | EH38: 08:00 - 17:00 | EI38: 08:00 - 17:00 | EJ38: 08:00 - 17:00 | EK38: PH | EL38: 08:00 - 17:00 | EM38: OFFWE | EN38: OFFWE | EO38: 08:00 - 17:00 | EP38: 08:00 - 17:00 | EQ38: 08:00 - 17:00 | ER38: 08:00 - 17:00 | ES38: 08:00 - 17:00 | ET38: OFFWE | EU38: OFFWE | EV38: PH | EW38: 08:00 - 17:00 | EX38: 08:00 - 17:00 | EY38: 08:00 - 17:00 | EZ38: 08:00 - 17:00 | FA38: OFFWE | FB38: OFFWE
A39: 31 | B39: 9074528 | C39: Kolja Christlieb | D39: Part-Time | E39: Voice | F39: Voice | G39: Delia Panaitescu | H39: PH | I39: 08:00 - 13:00 | J39: OFFWE | K39: OFFWE | L39: 08:00 - 13:00 | M39: 08:00 - 13:00 | N39: 08:00 - 13:00 | O39: 08:00 - 13:00 | P39: 08:00 - 13:00 | Q39: OFFWE | R39: OFFWE | S39: 08:00 - 13:00 | T39: 08:00 - 13:00 | U39: 08:00 - 13:00 | V39: 08:00 - 13:00 | W39: 08:00 - 13:00 | X39: OFFWE | Y39: OFFWE | Z39: 08:00 - 13:00 | AA39: 08:00 - 13:00 | AB39: 08:00 - 13:00 | AC39: 08:00 - 13:00 | AD39: 08:00 - 13:00 | AE39: OFFWE | AF39: OFFWE | AG39: 08:00 - 13:00 | AH39: 08:00 - 13:00 | AI39: 08:00 - 13:00 | AJ39: 08:00 - 13:00 | AK39: 08:00 - 13:00 | AL39: OFFWE | AM39: OFFWE | AN39: 08:00 - 13:00 | AO39: 08:00 - 13:00 | AP39: 08:00 - 13:00 | AQ39: 08:00 - 13:00 | AR39: 08:00 - 13:00 | AS39: OFFWE | AT39: OFFWE | AU39: 08:00 - 13:00 | AV39: 08:00 - 13:00 | AW39: 08:00 - 13:00 | AX39: 08:00 - 13:00 | AY39: 08:00 - 13:00 | AZ39: OFFWE | BA39: OFFWE | BB39: 08:00 - 13:00 | BC39: 08:00 - 13:00 | BD39: 08:00 - 13:00 | BE39: 08:00 - 13:00 | BF39: 08:00 - 13:00 | BG39: OFFWE | BH39: OFFWE | BI39: 08:00 - 13:00 | BJ39: 08:00 - 13:00 | BK39: 08:00 - 13:00 | BL39: 08:00 - 13:00 | BM39: 08:00 - 13:00 | BN39: OFFWE | BO39: OFFWE | BP39: 08:00 - 13:00 | BQ39: 08:00 - 13:00 | BR39: 08:00 - 13:00 | BS39: 08:00 - 13:00 | BT39: 08:00 - 13:00 | BU39: OFFWE | BV39: OFFWE | BW39: 08:00 - 13:00 | BX39: 08:00 - 13:00 | BY39: 08:00 - 13:00 | BZ39: 08:00 - 13:00 | CA39: 08:00 - 13:00 | CB39: OFFWE | CC39: OFFWE | CD39: 08:00 - 13:00 | CE39: 08:00 - 13:00 | CF39: 08:00 - 13:00 | CG39: 08:00 - 13:00 | CH39: 08:00 - 13:00 | CI39: OFFWE | CJ39: OFFWE | CK39: 08:00 - 13:00 | CL39: 08:00 - 13:00 | CM39: 08:00 - 13:00 | CN39: 08:00 - 13:00 | CO39: 08:00 - 13:00 | CP39: OFFWE | CQ39: OFFWE | CR39: 08:00 - 13:00 | CS39: 08:00 - 13:00 | CT39: 08:00 - 13:00 | CU39: 08:00 - 13:00 | CV39: PH | CW39: OFFWE | CX39: OFFWE | CY39: PH | CZ39: 08:00 - 13:00 | DA39: 08:00 - 13:00 | DB39: 08:00 - 13:00 | DC39: 08:00 - 13:00 | DD39: OFFWE | DE39: OFFWE | DF39: 08:00 - 13:00 | DG39: 08:00 - 13:00 | DH39: 08:00 - 13:00 | DI39: 08:00 - 13:00 | DJ39: 08:00 - 13:00 | DK39: OFFWE | DL39: OFFWE | DM39: 08:00 - 13:00 | DN39: 08:00 - 13:00 | DO39: 08:00 - 13:00 | DP39: 08:00 - 13:00 | DQ39: 08:00 - 13:00 | DR39: OFFWE | DS39: OFFWE | DT39: 08:00 - 13:00 | DU39: 08:00 - 13:00 | DV39: 08:00 - 13:00 | DW39: 08:00 - 13:00 | DX39: PH | DY39: OFFWE | DZ39: OFFWE | EA39: AL | EB39: AL | EC39: AL | ED39: AL | EE39: AL | EF39: OFFWE | EG39: OFFWE | EH39: AL | EI39: AL | EJ39: AL | EK39: PH | EL39: AL | EM39: OFFWE | EN39: OFFWE | EO39: 08:00 - 13:00 | EP39: 08:00 - 13:00 | EQ39: 08:00 - 13:00 | ER39: 08:00 - 13:00 | ES39: 08:00 - 13:00 | ET39: OFFWE | EU39: OFFWE | EV39: PH | EW39: 08:00 - 13:00 | EX39: 08:00 - 13:00 | EY39: 08:00 - 13:00 | EZ39: 08:00 - 13:00 | FA39: OFFWE | FB39: OFFWE
A40: 32 | B40: 9090514 | C40: Sam Alisha Metzner | D40: Part-Time | E40: Voice | F40: Voice | G40: Delia Panaitescu | H40: PH | I40: 09:00 - 15:00 | J40: OFFWE | K40: OFFWE | L40: 09:00 - 15:00 | M40: 09:00 - 15:00 | N40: 09:00 - 15:00 | O40: 09:00 - 15:00 | P40: 09:00 - 15:00 | Q40: OFFWE | R40: OFFWE | S40: 09:00 - 15:00 | T40: 09:00 - 15:00 | U40: 09:00 - 15:00 | V40: 09:00 - 15:00 | W40: 09:00 - 15:00 | X40: OFFWE | Y40: OFFWE | Z40: 09:00 - 15:00 | AA40: 09:00 - 15:00 | AB40: 09:00 - 15:00 | AC40: AL | AD40: AL | AE40: OFFWE | AF40: OFFWE | AG40: 09:00 - 15:00 | AH40: SL | AI40: SL | AJ40: SL | AK40: SL | AL40: SL | AM40: SL | AN40: SL | AO40: SL | AP40: SL | AQ40: SL | AR40: SL | AS40: SL | AT40: SL | AU40: SL | AV40: SL | AW40: SL | AX40: SL | AY40: SL | AZ40: SL | BA40: SL | BB40: SL | BC40: SL | BD40: SL | BE40: SL | BF40: SL | BG40: SL | BH40: SL | BI40: SL | BJ40: SL | BK40: SL | BL40: SL | BM40: SL | BN40: OFFWE | BO40: OFFWE | BP40: 09:00 - 15:00 | BQ40: 09:00 - 15:00 | BR40: 09:00 - 15:00 | BS40: 09:00 - 15:00 | BT40: 09:00 - 15:00 | BU40: OFFWE | BV40: OFFWE | BW40: AL | BX40: AL | BY40: 09:00 - 15:00 | BZ40: 09:00 - 15:00 | CA40: 09:00 - 15:00 | CB40: OFFWE | CC40: OFFWE | CD40: 09:00 - 15:00 | CE40: 09:00 - 15:00 | CF40: 09:00 - 15:00 | CG40: 09:00 - 15:00 | CH40: 09:00 - 15:00 | CI40: OFFWE | CJ40: OFFWE | CK40: 09:00 - 15:00 | CL40: 09:00 - 15:00 | CM40: 09:00 - 15:00 | CN40: 09:00 - 15:00 | CO40: 09:00 - 15:00 | CP40: OFFWE | CQ40: OFFWE | CR40: 09:00 - 15:00 | CS40: 09:00 - 15:00 | CT40: 09:00 - 15:00 | CU40: 09:00 - 15:00 | CV40: PH | CW40: OFFWE | CX40: OFFWE | CY40: PH | CZ40: 09:00 - 15:00 | DA40: 09:00 - 15:00 | DB40: 09:00 - 15:00 | DC40: 09:00 - 15:00 | DD40: OFFWE | DE40: OFFWE | DF40: 09:00 - 15:00 | DG40: 09:00 - 15:00 | DH40: AL | DI40: AL | DJ40: AL | DK40: OFFWE | DL40: OFFWE | DM40: 09:00 - 15:00 | DN40: 09:00 - 15:00 | DO40: 09:00 - 15:00 | DP40: 09:00 - 15:00 | DQ40: 09:00 - 15:00 | DR40: OFFWE | DS40: OFFWE | DT40: 09:00 - 15:00 | DU40: 09:00 - 15:00 | DV40: 09:00 - 15:00 | DW40: 09:00 - 15:00 | DX40: PH | DY40: OFFWE | DZ40: OFFWE | EA40: 09:00 - 15:00 | EB40: 09:00 - 15:00 | EC40: 09:00 - 15:00 | ED40: 09:00 - 15:00 | EE40: 09:00 - 15:00 | EF40: OFFWE | EG40: OFFWE | EH40: 09:00 - 15:00 | EI40: 09:00 - 15:00 | EJ40: 09:00 - 15:00 | EK40: PH | EL40: 09:00 - 15:00 | EM40: OFFWE | EN40: OFFWE | EO40: 09:00 - 15:00 | EP40: 09:00 - 15:00 | EQ40: 09:00 - 15:00 | ER40: 09:00 - 15:00 | ES40: 09:00 - 15:00 | ET40: OFFWE | EU40: OFFWE | EV40: PH | EW40: 09:00 - 15:00 | EX40: 09:00 - 15:00 | EY40: 09:00 - 15:00 | EZ40: 09:00 - 15:00 | FA40: OFFWE | FB40: OFFWE
A41: 33 | B41: 4451020 | C41: Ivonne Specht | D41: Part-Time | E41: Voice | F41: Voice | G41: Karlo Coric | H41: PH | I41: AL | J41: OFFWE | K41: OFFWE | L41: 08:30 - 14:00 | M41: 08:30 - 14:00 | N41: 08:30 - 14:00 | O41: 08:30 - 14:00 | P41: 08:30 - 14:00 | Q41: OFFWE | R41: OFFWE | S41: 08:30 - 14:00 | T41: 08:30 - 14:00 | U41: 08:30 - 14:00 | V41: 08:30 - 14:00 | W41: 08:30 - 14:00 | X41: OFFWE | Y41: OFFWE | Z41: 08:30 - 14:00 | AA41: 08:30 - 14:00 | AB41: 08:30 - 14:00 | AC41: 08:30 - 14:00 | AD41: 08:30 - 14:00 | AE41: OFFWE | AF41: OFFWE | AG41: 08:30 - 14:00 | AH41: 08:30 - 14:00 | AI41: 08:30 - 14:00 | AJ41: 08:30 - 14:00 | AK41: 08:30 - 14:00 | AL41: OFFWE | AM41: OFFWE | AN41: 08:30 - 14:00 | AO41: 08:30 - 14:00 | AP41: 08:30 - 14:00 | AQ41: 08:30 - 14:00 | AR41: 08:30 - 14:00 | AS41: OFFWE | AT41: OFFWE | AU41: 08:30 - 14:00 | AV41: 08:30 - 14:00 | AW41: 08:30 - 14:00 | AX41: 08:30 - 14:00 | AY41: 08:30 - 14:00 | AZ41: OFFWE | BA41: OFFWE | BB41: SL | BC41: SL | BD41: SL | BE41: 08:30 - 14:00 | BF41: 08:30 - 14:00 | BG41: OFFWE | BH41: OFFWE | BI41: 08:30 - 14:00 | BJ41: 08:30 - 14:00 | BK41: 08:30 - 14:00 | BL41: 08:30 - 14:00 | BM41: 08:30 - 14:00 | BN41: OFFWE | BO41: OFFWE | BP41: 08:30 - 14:00 | BQ41: 08:30 - 14:00 | BR41: 08:30 - 14:00 | BS41: 08:30 - 14:00 | BT41: 08:30 - 14:00 | BU41: OFFWE | BV41: OFFWE | BW41: 08:30 - 14:00 | BX41: 08:30 - 14:00 | BY41: 08:30 - 14:00 | BZ41: 08:30 - 14:00 | CA41: 08:30 - 14:00 | CB41: OFFWE | CC41: OFFWE | CD41: 08:30 - 14:00 | CE41: 08:30 - 14:00 | CF41: 08:30 - 14:00 | CG41: 08:30 - 14:00 | CH41: 08:30 - 14:00 | CI41: OFFWE | CJ41: OFFWE | CK41: SL | CL41: 08:30 - 14:00 | CM41: 08:30 - 14:00 | CN41: 08:30 - 14:00 | CO41: 08:30 - 14:00 | CP41: OFFWE | CQ41: OFFWE | CR41: 08:30 - 14:00 | CS41: 08:30 - 14:00 | CT41: SL | CU41: SL | CV41: PH | CW41: OFFWE | CX41: OFFWE | CY41: PH | CZ41: AL | DA41: AL | DB41: AL | DC41: AL | DD41: OFFWE | DE41: OFFWE | DF41: 08:30 - 14:00 | DG41: 08:30 - 14:00 | DH41: 08:30 - 14:00 | DI41: 08:30 - 14:00 | DJ41: 08:30 - 14:00 | DK41: OFFWE | DL41: OFFWE | DM41: 08:30 - 14:00 | DN41: 08:30 - 14:00 | DO41: 08:30 - 14:00 | DP41: 08:30 - 14:00 | DQ41: SL | DR41: OFFWE | DS41: OFFWE | DT41: 08:30 - 14:00 | DU41: 08:30 - 14:00 | DV41: 08:30 - 14:00 | DW41: 08:30 - 14:00 | DX41: PH | DY41: OFFWE | DZ41: OFFWE | EA41: AL | EB41: AL | EC41: 08:30 - 14:00 | ED41: 08:30 - 14:00 | EE41: 08:30 - 14:00 | EF41: OFFWE | EG41: OFFWE | EH41: 08:30 - 14:00 | EI41: 08:30 - 14:00 | EJ41: 08:30 - 14:00 | EK41: PH | EL41: AL | EM41: OFFWE | EN41: OFFWE | EO41: 08:30 - 14:00 | EP41: 08:30 - 14:00 | EQ41: 08:30 - 14:00 | ER41: 08:30 - 14:00 | ES41: 08:30 - 14:00 | ET41: OFFWE | EU41: OFFWE | EV41: PH | EW41: 08:30 - 14:00 | EX41: 08:30 - 14:00 | EY41: 08:30 - 14:00 | EZ41: 08:30 - 14:00 | FA41: OFFWE | FB41: OFFWE | FG41: AL | GL41: AL | GM41: AL | GN41: AL | GO41: AL | GP41: AL | GS41: AL | GT41: AL | GU41: AL | GV41: AL | GW41: AL | GZ41: AL | HA41: AL | HB41: AL | HC41: AL | HD41: AL | JY41: AL | JZ41: AL | KA41: AL | KB41: AL | KC41: AL | NA41: AL | NE41: AL | NF41: AL | NG41: AL | NH41: AL
A42: 34 | B42: 9074590 | C42: Tri Toan Nguyen | D42: Student | E42: Voice | F42: Voice | G42: Oliver Schleusen | H42: PH | I42: OFF | J42: OFFWE | K42: OFFWE | L42: SL | M42: SL | N42: SL | O42: SL | P42: SL | Q42: OFFWE | R42: OFFWE | S42: 07:00 - 16:00 | T42: 07:00 - 13:00 | U42: OFF | V42: 07:00 - 13:00 | W42: OFF | X42: OFFWE | Y42: OFFWE | Z42: 07:00 - 13:00 | AA42: 07:00 - 16:00 | AB42: OFF | AC42: 07:00 - 13:00 | AD42: OFF | AE42: OFFWE | AF42: OFFWE | AG42: 07:00 - 13:00 | AH42: 07:00 - 16:00 | AI42: OFF | AJ42: 07:00 - 13:00 | AK42: OFF | AL42: OFFWE | AM42: OFFWE | AN42: 06:00 - 12:00 | AO42: 07:00 - 16:00 | AP42: OFF | AQ42: 07:00 - 13:00 | AR42: OFF | AS42: OFFWE | AT42: OFFWE | AU42: 07:00 - 13:00 | AV42: AL | AW42: OFF | AX42: AL | AY42: OFF | AZ42: OFFWE | BA42: OFFWE | BB42: AL | BC42: AL | BD42: OFF | BE42: 07:00 - 13:00 | BF42: OFF | BG42: OFFWE | BH42: OFFWE | BI42: 07:00 - 13:00 | BJ42: 07:00 - 16:00 | BK42: OFF | BL42: 07:00 - 13:00 | BM42: OFF | BN42: OFFWE | BO42: OFFWE | BP42: 07:00 - 13:00 | BQ42: 07:00 - 16:00 | BR42: OFF | BS42: 07:00 - 13:00 | BT42: OFF | BU42: OFFWE | BV42: OFFWE | BW42: 07:00 - 13:00 | BX42: 07:00 - 16:00 | BY42: OFF | BZ42: 07:00 - 13:00 | CA42: OFF | CB42: OFFWE | CC42: OFFWE | CD42: SL | CE42: SL | CF42: SL | CG42: SL | CH42: SL | CI42: OFFWE | CJ42: OFFWE | CK42: 07:00 - 13:00 | CL42: OFF | CM42: 07:00 - 16:00 | CN42: 08:00 - 14:00 | CO42: OFF | CP42: OFFWE | CQ42: OFFWE | CR42: 07:00 - 13:00 | CS42: 07:00 - 16:00 | CT42: OFF | CU42: 07:00 - 13:00 | CV42: PH | CW42: OFFWE | CX42: OFFWE | CY42: PH | CZ42: 07:00 - 16:00 | DA42: OFF | DB42: 07:00 - 13:00 | DC42: OFF | DD42: OFFWE | DE42: OFFWE | DF42: 07:00 - 13:00 | DG42: 07:00 - 16:00 | DH42: OFF | DI42: 07:00 - 13:00 | DJ42: OFF | DK42: OFFWE | DL42: OFFWE | DM42: 07:00 - 13:00 | DN42: 07:00 - 16:00 | DO42: OFF | DP42: 07:00 - 13:00 | DQ42: OFF | DR42: OFFWE | DS42: OFFWE | DT42: 07:00 - 13:00 | DU42: 07:00 - 16:00 | DV42: OFF | DW42: 07:00 - 13:00 | DX42: PH | DY42: OFFWE | DZ42: OFFWE | EA42: 07:00 - 16:00 | EB42: 07:00 - 13:00 | EC42: OFF | ED42: 07:00 - 13:00 | EE42: OFF | EF42: OFFWE | EG42: OFFWE | EH42: AL | EI42: AL | EJ42: OFF | EK42: PH | EL42: OFF | EM42: OFFWE | EN42: OFFWE | EO42: 07:00 - 13:00 | EP42: 07:00 - 16:00 | EQ42: OFF | ER42: 07:00 - 13:00 | ES42: OFF | ET42: OFFWE | EU42: OFFWE | EV42: PH | EW42: 07:00 - 16:00 | EX42: OFF | EY42: 07:00 - 13:00 | EZ42: OFF | FA42: OFFWE | FB42: OFFWE
A43: 35 | B43: 9074549 | C43: Mitko Kilogramski | D43: Student | E43: Voice | F43: Voice | G43: Delia Panaitescu | H43: PH | I43: 08:00 - 13:00 | J43: OFFWE | K43: OFFWE | L43: 13:00 - 17:00 | M43: 08:00 - 13:00 | N43: OFF | O43: 08:00 - 14:00 | P43: 08:00 - 13:00 | Q43: OFFWE | R43: OFFWE | S43: 13:00 - 17:00 | T43: 08:00 - 13:00 | U43: OFF | V43: 08:00 - 14:00 | W43: 08:00 - 13:00 | X43: OFFWE | Y43: OFFWE | Z43: 13:00 - 17:00 | AA43: 08:00 - 13:00 | AB43: OFF | AC43: 08:00 - 14:00 | AD43: 08:00 - 13:00 | AE43: OFFWE | AF43: OFFWE | AG43: 13:00 - 17:00 | AH43: 08:00 - 13:00 | AI43: 08:00 - 14:00 | AJ43: OFF | AK43: 08:00 - 13:00 | AL43: OFFWE | AM43: OFFWE | AN43: 13:00 - 17:00 | AO43: 08:00 - 13:00 | AP43: OFF | AQ43: 08:00 - 14:00 | AR43: 08:00 - 13:00 | AS43: OFFWE | AT43: OFFWE | AU43: 13:00 - 17:00 | AV43: 08:00 - 13:00 | AW43: OFF | AX43: 08:00 - 14:00 | AY43: 08:00 - 13:00 | AZ43: OFFWE | BA43: OFFWE | BB43: 13:00 - 17:00 | BC43: 08:00 - 13:00 | BD43: OFF | BE43: 08:00 - 14:00 | BF43: 08:00 - 13:00 | BG43: OFFWE | BH43: OFFWE | BI43: 13:00 - 17:00 | BJ43: 08:00 - 13:00 | BK43: OFF | BL43: 08:00 - 14:00 | BM43: 08:00 - 13:00 | BN43: OFFWE | BO43: OFFWE | BP43: SL | BQ43: SL | BR43: SL | BS43: SL | BT43: SL | BU43: OFFWE | BV43: OFFWE | BW43: SL | BX43: SL | BY43: SL | BZ43: SL | CA43: SL | CB43: OFFWE | CC43: OFFWE | CD43: SL | CE43: SL | CF43: SL | CG43: SL | CH43: SL | CI43: SL | CJ43: SL | CK43: SL | CL43: SL | CM43: SL | CN43: SL | CO43: SL | CP43: SL | CQ43: SL | CR43: SL | CS43: SL | CT43: SL | CU43: SL | CV43: SL | CW43: SL | CX43: SL | CY43: SL | CZ43: SL | DA43: SL | DB43: SL | DC43: SL | DD43: OFFWE | DE43: OFFWE | DF43: SL | DG43: SL | DH43: SL | DI43: SL | DJ43: SL | DK43: OFFWE | DL43: OFFWE | DM43: 13:00 - 17:00 | DN43: 08:00 - 13:00 | DO43: 08:00 - 14:00 | DP43: OFF | DQ43: 08:00 - 13:00 | DR43: OFFWE | DS43: OFFWE | DT43: 13:00 - 17:00 | DU43: 08:00 - 13:00 | DV43: 08:00 - 14:00 | DW43: OFF | DX43: PH | DY43: OFFWE | DZ43: OFFWE | EA43: 13:00 - 17:00 | EB43: 08:00 - 13:00 | EC43: 08:00 - 14:00 | ED43: OFF | EE43: 08:00 - 13:00 | EF43: OFFWE | EG43: OFFWE | EH43: 13:00 - 17:00 | EI43: 08:00 - 13:00 | EJ43: 08:00 - 14:00 | EK43: PH | EL43: 08:00 - 13:00 | EM43: OFFWE | EN43: OFFWE | EO43: 13:00 - 17:00 | EP43: 08:00 - 13:00 | EQ43: 08:00 - 14:00 | ER43: OFF | ES43: 08:00 - 13:00 | ET43: OFFWE | EU43: OFFWE | EV43: PH | EW43: 08:00 - 13:00 | EX43: 08:00 - 14:00 | EY43: OFF | EZ43: 08:00 - 13:00 | FA43: OFFWE | FB43: OFFWE
A44: 36 | B44: 9076905 | C44: Arevig Ketenjian | D44: Student | E44: Voice | F44: Voice | G44: Delia Panaitescu | H44: PH | I44: OFF | J44: OFFWE | K44: OFFWE | L44: 11:00 - 17:00 | M44: 07:00 - 15:00 | N44: OFF | O44: 07:00 - 16:00 | P44: OFF | Q44: OFFWE | R44: OFFWE | S44: 11:00 - 15:00 | T44: 08:00 - 17:00 | U44: OFF | V44: 07:00 - 16:00 | W44: OFF | X44: OFFWE | Y44: OFFWE | Z44: 11:00 - 15:00 | AA44: 08:00 - 17:00 | AB44: OFF | AC44: 07:00 - 16:00 | AD44: OFF | AE44: OFFWE | AF44: OFFWE | AG44: 11:00 - 15:00 | AH44: 08:00 - 17:00 | AI44: OFF | AJ44: 08:00 - 17:00 | AK44: OFF | AL44: OFFWE | AM44: OFFWE | AN44: 11:00 - 15:00 | AO44: 08:00 - 17:00 | AP44: OFF | AQ44: SL | AR44: OFF | AS44: OFFWE | AT44: OFFWE | AU44: 11:00 - 15:00 | AV44: 08:00 - 17:00 | AW44: OFF | AX44: 07:00 - 16:00 | AY44: OFF | AZ44: OFFWE | BA44: OFFWE | BB44: 11:00 - 15:00 | BC44: 08:00 - 17:00 | BD44: OFF | BE44: 07:00 - 16:00 | BF44: OFF | BG44: OFFWE | BH44: OFFWE | BI44: 11:00 - 15:00 | BJ44: 08:00 - 17:00 | BK44: OFF | BL44: 08:00 - 17:00 | BM44: OFF | BN44: OFFWE | BO44: OFFWE | BP44: 11:00 - 15:00 | BQ44: 08:00 - 13:00 | BR44: OFF | BS44: OFF | BT44: OFF | BU44: OFFWE | BV44: OFFWE | BW44: 11:00 - 15:00 | BX44: 08:00 - 14:00 | BY44: OFF | BZ44: OFF | CA44: OFF | CB44: OFFWE | CC44: OFFWE | CD44: OFF | CE44: 07:00 - 16:00 | CF44: OFF | CG44: OFF | CH44: OFF | CI44: OFFWE | CJ44: OFFWE | CK44: OFF | CL44: 07:00 - 16:00 | CM44: OFF | CN44: OFF | CO44: OFF | CP44: OFFWE | CQ44: OFFWE | CR44: OFF | CS44: 07:00 - 11:00 | CT44: OFF | CU44: OFF | CV44: PH | CW44: OFFWE | CX44: OFFWE | CY44: PH | CZ44: SL | DA44: OFF | DB44: OFF | DC44: OFF | DD44: OFFWE | DE44: OFFWE | DF44: OFF | DG44: OFF | DH44: OFF | DI44: 07:00 - 16:00 | DJ44: OFF | DK44: OFFWE | DL44: OFFWE | DM44: 07:00 - 16:00 | DN44: OFF | DO44: OFF | DP44: OFF | DQ44: OFF | DR44: OFFWE | DS44: OFFWE | DT44: OFF | DU44: OFF | DV44: OFF | DW44: OFF | DX44: PH | DY44: OFFWE | DZ44: OFFWE | EA44: 07:00 - 16:00 | EB44: OFF | EC44: OFF | ED44: OFF | EE44: OFF | EF44: OFFWE | EG44: OFFWE | EH44: 07:00 - 16:00 | EI44: OFF | EJ44: OFF | EK44: PH | EL44: OFF | EM44: OFFWE | EN44: OFFWE | EO44: 07:00 - 16:00 | EP44: OFF | EQ44: OFF | ER44: OFF | ES44: OFF | ET44: OFFWE | EU44: OFFWE | EV44: PH | EW44: 07:00 - 16:00 | EX44: OFF | EY44: 08:00 - 17:00 | EZ44: OFF | FA44: OFFWE | FB44: OFFWE
A45: 37 | B45: 9086366 | C45: Tarek Tabbara | D45: Student | E45: Voice | F45: Voice | G45: Oliver Schleusen | H45: PH | I45: OFF | J45: OFFWE | K45: OFFWE | L45: SL | M45: SL | N45: SL | O45: OFF | P45: OFF | Q45: OFFWE | R45: OFFWE | S45: 08:00 - 14:00 | T45: 08:00 - 14:00 | U45: 08:00 - 17:00 | V45: OFF | W45: OFF | X45: OFFWE | Y45: OFFWE | Z45: 08:00 - 14:00 | AA45: 08:00 - 14:00 | AB45: 08:00 - 17:00 | AC45: OFF | AD45: OFF | AE45: OFFWE | AF45: OFFWE | AG45: 08:00 - 14:00 | AH45: 08:00 - 14:00 | AI45: 08:00 - 17:00 | AJ45: OFF | AK45: OFF | AL45: OFFWE | AM45: OFFWE | AN45: 08:00 - 14:00 | AO45: 08:00 - 14:00 | AP45: 08:00 - 17:00 | AQ45: OFF | AR45: OFF | AS45: OFFWE | AT45: OFFWE | AU45: 08:00 - 14:00 | AV45: 08:00 - 14:00 | AW45: 08:00 - 17:00 | AX45: OFF | AY45: OFF | AZ45: OFFWE | BA45: OFFWE | BB45: 08:00 - 14:00 | BC45: 08:00 - 14:00 | BD45: 08:00 - 17:00 | BE45: OFF | BF45: OFF | BG45: OFFWE | BH45: OFFWE | BI45: 08:00 - 14:00 | BJ45: 08:00 - 14:00 | BK45: 08:00 - 17:00 | BL45: OFF | BM45: OFF | BN45: OFFWE | BO45: OFFWE | BP45: 08:00 - 14:00 | BQ45: 08:00 - 14:00 | BR45: 08:00 - 17:00 | BS45: OFF | BT45: OFF | BU45: OFFWE | BV45: OFFWE | BW45: 08:00 - 14:00 | BX45: 08:00 - 14:00 | BY45: 08:00 - 17:00 | BZ45: OFF | CA45: OFF | CB45: OFFWE | CC45: OFFWE | CD45: 08:00 - 14:00 | CE45: 08:00 - 14:00 | CF45: 08:00 - 17:00 | CG45: OFF | CH45: OFF | CI45: OFFWE | CJ45: OFFWE | CK45: 08:00 - 14:00 | CL45: 08:00 - 14:00 | CM45: 08:00 - 17:00 | CN45: OFF | CO45: OFF | CP45: OFFWE | CQ45: OFFWE | CR45: 08:00 - 14:00 | CS45: 08:00 - 14:00 | CT45: 08:00 - 17:00 | CU45: OFF | CV45: PH | CW45: OFFWE | CX45: OFFWE | CY45: PH | CZ45: 08:00 - 14:00 | DA45: 08:00 - 17:00 | DB45: OFF | DC45: OFF | DD45: OFFWE | DE45: OFFWE | DF45: 08:00 - 14:00 | DG45: 08:00 - 14:00 | DH45: 08:00 - 17:00 | DI45: OFF | DJ45: OFF | DK45: OFFWE | DL45: OFFWE | DM45: 08:00 - 14:00 | DN45: 08:00 - 14:00 | DO45: 08:00 - 17:00 | DP45: OFF | DQ45: OFF | DR45: OFFWE | DS45: OFFWE | DT45: 08:00 - 14:00 | DU45: 08:00 - 14:00 | DV45: 08:00 - 17:00 | DW45: OFF | DX45: PH | DY45: OFFWE | DZ45: OFFWE | EA45: 08:00 - 14:00 | EB45: 08:00 - 14:00 | EC45: 08:00 - 17:00 | ED45: OFF | EE45: OFF | EF45: OFFWE | EG45: OFFWE | EH45: 08:00 - 14:00 | EI45: 08:00 - 14:00 | EJ45: 08:00 - 17:00 | EK45: PH | EL45: OFF | EM45: OFFWE | EN45: OFFWE | EO45: AL | EP45: 08:00 - 14:00 | EQ45: 08:00 - 17:00 | ER45: OFF | ES45: OFF | ET45: OFFWE | EU45: OFFWE | EV45: PH | EW45: AL | EX45: AL | EY45: OFF | EZ45: OFF | FA45: OFFWE | FB45: OFFWE | FC45: 08:00 - 14:00 | FD45: 08:00 - 14:00 | FE45: 08:00 - 17:00
A46: 38 | B46: 9114617 | C46: Christian Pastors | D46: Student | E46: Voice | F46: Voice | G46: Oliver Schleusen | H46: SL | I46: SL | J46: SL | K46: SL | L46: SL | M46: SL | N46: SL | O46: SL | P46: SL | Q46: OFFWE | R46: OFFWE | S46: 08:00 - 17:00 | T46: OFF | U46: 08:00 - 14:00 | V46: 08:00 - 14:00 | W46: OFF | X46: OFFWE | Y46: OFFWE | Z46: 08:00 - 17:00 | AA46: OFF | AB46: 08:00 - 14:00 | AC46: 08:00 - 14:00 | AD46: OFF | AE46: OFFWE | AF46: OFFWE | AG46: 08:00 - 17:00 | AH46: OFF | AI46: 08:00 - 14:00 | AJ46: 08:00 - 14:00 | AK46: OFF | AL46: OFFWE | AM46: OFFWE | AN46: 08:00 - 17:00 | AO46: OFF | AP46: 08:00 - 14:00 | AQ46: 08:00 - 14:00 | AR46: OFF | AS46: OFFWE | AT46: OFFWE | AU46: 08:00 - 17:00 | AV46: OFF | AW46: 08:00 - 14:00 | AX46: 08:00 - 14:00 | AY46: OFF | AZ46: OFFWE | BA46: OFFWE | BB46: 08:00 - 17:00 | BC46: OFF | BD46: 08:00 - 14:00 | BE46: 08:00 - 14:00 | BF46: OFF | BG46: OFFWE | BH46: OFFWE | BI46: 08:00 - 17:00 | BJ46: OFF | BK46: 08:00 - 14:00 | BL46: 08:00 - 14:00 | BM46: OFF | BN46: OFFWE | BO46: OFFWE | BP46: 08:00 - 17:00 | BQ46: OFF | BR46: 08:00 - 14:00 | BS46: 08:00 - 14:00 | BT46: OFF | BU46: OFFWE | BV46: OFFWE | BW46: 08:00 - 17:00 | BX46: OFF | BY46: 08:00 - 14:00 | BZ46: 09:00 - 15:00 | CA46: OFF | CB46: OFFWE | CC46: OFFWE | CD46: 08:00 - 17:00 | CE46: OFF | CF46: 08:00 - 14:00 | CG46: 08:00 - 14:00 | CH46: OFF | CI46: OFFWE | CJ46: OFFWE | CK46: 08:00 - 17:00 | CL46: OFF | CM46: 08:00 - 14:00 | CN46: 08:00 - 14:00 | CO46: OFF | CP46: OFFWE | CQ46: OFFWE | CR46: OFF | CS46: SL | CT46: 08:00 - 14:00 | CU46: 08:00 - 14:00 | CV46: PH | CW46: OFFWE | CX46: OFFWE | CY46: PH | CZ46: OFF | DA46: 08:00 - 14:00 | DB46: 08:00 - 14:00 | DC46: OFF | DD46: OFFWE | DE46: OFFWE | DF46: 08:00 - 17:00 | DG46: 08:00 - 14:00 | DH46: OFF | DI46: 08:00 - 14:00 | DJ46: OFF | DK46: OFFWE | DL46: OFFWE | DM46: 08:00 - 17:00 | DN46: OFF | DO46: 08:00 - 14:00 | DP46: 08:00 - 14:00 | DQ46: OFF | DR46: OFFWE | DS46: OFFWE | DT46: 08:00 - 17:00 | DU46: OFF | DV46: 08:00 - 14:00 | DW46: 08:00 - 14:00 | DX46: PH | DY46: OFFWE | DZ46: OFFWE | EA46: 08:00 - 17:00 | EB46: OFF | EC46: 08:00 - 14:00 | ED46: 08:00 - 14:00 | EE46: OFF | EF46: OFFWE | EG46: OFFWE | EH46: SL | EI46: SL | EJ46: SL | EK46: PH | EL46: SL | EM46: OFFWE | EN46: OFFWE | EO46: 08:00 - 17:00 | EP46: OFF | EQ46: 08:00 - 14:00 | ER46: 08:00 - 14:00 | ES46: OFF | ET46: OFFWE | EU46: OFFWE | EV46: PH | EW46: OFF | EX46: 08:00 - 14:00 | EY46: 08:00 - 14:00 | EZ46: OFF | FA46: OFFWE | FB46: OFFWE
A47: 39 | B47: 9114618 | C47: Mustafa Deveci | D47: Student | E47: Voice | F47: Voice | G47: Oliver Schleusen | H47: PH | I47: 07:00 - 16:00 | J47: OFFWE | K47: OFFWE | L47: OFF | M47: OFF | N47: SL | O47: SL | P47: SL | Q47: OFFWE | R47: OFFWE | S47: OFF | T47: OFF | U47: 07:00 - 13:00 | V47: 07:00 - 13:00 | W47: 07:00 - 16:00 | X47: OFFWE | Y47: OFFWE | Z47: OFF | AA47: OFF | AB47: 08:00 - 14:00 | AC47: 07:00 - 13:00 | AD47: 07:00 - 16:00 | AE47: OFFWE | AF47: OFFWE | AG47: OFF | AH47: OFF | AI47: 07:00 - 13:00 | AJ47: 07:00 - 13:00 | AK47: 07:00 - 16:00 | AL47: OFFWE | AM47: OFFWE | AN47: OFF | AO47: OFF | AP47: 07:00 - 13:00 | AQ47: SL | AR47: SL | AS47: OFFWE | AT47: OFFWE | AU47: OFF | AV47: OFF | AW47: SL | AX47: SL | AY47: SL | AZ47: OFFWE | BA47: OFFWE | BB47: OFF | BC47: OFF | BD47: 07:00 - 13:00 | BE47: 07:00 - 13:00 | BF47: 07:00 - 16:00 | BG47: OFFWE | BH47: OFFWE | BI47: OFF | BJ47: OFF | BK47: 07:00 - 16:00 | BL47: 07:00 - 13:00 | BM47: 07:00 - 13:00 | BN47: OFFWE | BO47: OFFWE | BP47: OFF | BQ47: OFF | BR47: 07:00 - 13:00 | BS47: 07:00 - 13:00 | BT47: 07:00 - 16:00 | BU47: OFFWE | BV47: OFFWE | BW47: OFF | BX47: OFF | BY47: 07:00 - 13:00 | BZ47: 07:00 - 16:00 | CA47: 07:00 - 13:00 | CB47: OFFWE | CC47: OFFWE | CD47: OFF | CE47: OFF | CF47: 07:00 - 13:00 | CG47: 07:00 - 16:00 | CH47: 07:00 - 13:00 | CI47: OFFWE | CJ47: OFFWE | CK47: OFF | CL47: OFF | CM47: 07:00 - 13:00 | CN47: 08:00 - 14:00 | CO47: 07:00 - 16:00 | CP47: OFFWE | CQ47: OFFWE | CR47: OFF | CS47: OFF | CT47: 07:00 - 13:00 | CU47: 07:00 - 13:00 | CV47: PH | CW47: OFFWE | CX47: OFFWE | CY47: PH | CZ47: OFF | DA47: SL | DB47: SL | DC47: SL | DD47: OFFWE | DE47: OFFWE | DF47: OFF | DG47: OFF | DH47: SL | DI47: SL | DJ47: SL | DK47: OFFWE | DL47: OFFWE | DM47: OFF | DN47: OFF | DO47: 07:00 - 13:00 | DP47: 07:00 - 13:00 | DQ47: 07:00 - 16:00 | DR47: OFFWE | DS47: OFFWE | DT47: OFF | DU47: OFF | DV47: 07:00 - 13:00 | DW47: 07:00 - 13:00 | DX47: PH | DY47: OFFWE | DZ47: OFFWE | EA47: OFF | EB47: OFF | EC47: 07:00 - 13:00 | ED47: 07:00 - 13:00 | EE47: 07:00 - 16:00 | EF47: OFFWE | EG47: OFFWE | EH47: OFF | EI47: OFF | EJ47: 07:00 - 13:00 | EK47: PH | EL47: 07:00 - 16:00 | EM47: OFFWE | EN47: OFFWE | EO47: OFF | EP47: OFF | EQ47: 07:00 - 13:00 | ER47: 07:00 - 13:00 | ES47: 07:00 - 16:00 | ET47: OFFWE | EU47: OFFWE | EV47: PH | EW47: OFF | EX47: 07:00 - 13:00 | EY47: 07:00 - 13:00 | EZ47: 07:00 - 16:00 | FA47: OFFWE | FB47: OFFWE
A48: 40 | B48: 9119463 | C48: Jonathan Freudenthaler | D48: Student | E48: Voice | F48: Voice | G48: Oliver Schleusen | H48: PH | I48: OFF | J48: OFFWE | K48: OFFWE | L48: 08:00 - 12:00 | M48: 08:00 - 17:00 | N48: 08:00 - 17:00 | O48: OFF | P48: OFF | Q48: OFFWE | R48: OFFWE | S48: 08:00 - 12:00 | T48: 08:00 - 17:00 | U48: 10:00 - 17:00 | V48: OFF | W48: OFF | X48: OFFWE | Y48: OFFWE | Z48: 08:00 - 12:00 | AA48: SL | AB48: SL | AC48: SL | AD48: SL | AE48: OFFWE | AF48: OFFWE | AG48: SL | AH48: 08:00 - 17:00 | AI48: 08:00 - 17:00 | AJ48: OFF | AK48: OFF | AL48: OFFWE | AM48: OFFWE | AN48: 08:00 - 12:00 | AO48: 08:00 - 17:00 | AP48: 08:00 - 17:00 | AQ48: OFF | AR48: OFF | AS48: OFFWE | AT48: OFFWE | AU48: 08:00 - 12:00 | AV48: 08:00 - 17:00 | AW48: 08:00 - 17:00 | AX48: OFF | AY48: OFF | AZ48: OFFWE | BA48: OFFWE | BB48: 08:00 - 12:00 | BC48: 08:00 - 17:00 | BD48: 08:00 - 17:00 | BE48: OFF | BF48: OFF | BG48: OFFWE | BH48: OFFWE | BI48: 08:00 - 12:00 | BJ48: 08:00 - 17:00 | BK48: 08:00 - 17:00 | BL48: OFF | BM48: OFF | BN48: OFFWE | BO48: OFFWE | BP48: 08:00 - 12:00 | BQ48: 08:00 - 17:00 | BR48: 10:00 - 17:00 | BS48: OFF | BT48: OFF | BU48: OFFWE | BV48: OFFWE | BW48: 08:00 - 14:00 | BX48: 08:00 - 17:00 | BY48: 08:00 - 17:00 | BZ48: OFF | CA48: OFF | CB48: OFFWE | CC48: OFFWE | CD48: OFF | CE48: 08:00 - 17:00 | CF48: 08:00 - 17:00 | CG48: 08:00 - 12:00 | CH48: OFF | CI48: OFFWE | CJ48: OFFWE | CK48: 08:00 - 12:00 | CL48: 08:00 - 17:00 | CM48: 08:00 - 17:00 | CN48: OFF | CO48: OFF | CP48: OFFWE | CQ48: OFFWE | CR48: 08:00 - 12:00 | CS48: 08:00 - 17:00 | CT48: 08:00 - 17:00 | CU48: OFF | CV48: PH | CW48: OFFWE | CX48: OFFWE | CY48: PH | CZ48: 08:00 - 17:00 | DA48: 08:00 - 17:00 | DB48: OFF | DC48: OFF | DD48: OFFWE | DE48: OFFWE | DF48: 08:00 - 12:00 | DG48: SL | DH48: 08:00 - 17:00 | DI48: OFF | DJ48: OFF | DK48: OFFWE | DL48: OFFWE | DM48: 08:00 - 12:00 | DN48: 08:00 - 17:00 | DO48: 08:00 - 17:00 | DP48: OFF | DQ48: OFF | DR48: OFFWE | DS48: OFFWE | DT48: 08:00 - 12:00 | DU48: 08:00 - 17:00 | DV48: 08:00 - 17:00 | DW48: OFF | DX48: PH | DY48: OFFWE | DZ48: OFFWE | EA48: 08:00 - 12:00 | EB48: 08:00 - 17:00 | EC48: 08:00 - 17:00 | ED48: OFF | EE48: OFF | EF48: OFFWE | EG48: OFFWE | EH48: 08:00 - 12:00 | EI48: 08:00 - 17:00 | EJ48: 08:00 - 17:00 | EK48: PH | EL48: OFF | EM48: OFFWE | EN48: OFFWE | EO48: 08:00 - 12:00 | EP48: 08:00 - 17:00 | EQ48: 08:00 - 17:00 | ER48: OFF | ES48: OFF | ET48: OFFWE | EU48: OFFWE | EV48: PH | EW48: 08:00 - 17:00 | EX48: 08:00 - 17:00 | EY48: OFF | EZ48: OFF | FA48: OFFWE | FB48: OFFWE
A49: 42 | B49: 9120970 | C49: Amani Kedo | D49: Full Time | E49: SSP | F49: WIC | G49: Tobias Rossberg | H49: PH | I49: OFF | J49: OFFWE | K49: OFFWE | L49: 08:00 - 14:00 | M49: 08:00 - 14:00 | N49: OFF | O49: 08:00 - 17:00 | P49: OFF | Q49: OFFWE | R49: OFFWE | S49: 08:00 - 14:00 | T49: 08:00 - 14:00 | U49: OFF | V49: 08:00 - 17:00 | W49: OFF | X49: OFFWE | Y49: OFFWE | Z49: 08:00 - 14:00 | AA49: 08:00 - 14:00 | AB49: OFF | AC49: 08:00 - 17:00 | AD49: 08:00 - 14:00 | AE49: OFFWE | AF49: OFFWE | AG49: OFF | AH49: 08:00 - 14:00 | AI49: SL | AJ49: SL | AK49: SL | AL49: OFFWE | AM49: OFFWE | AN49: 08:00 - 14:00 | AO49: 08:00 - 11:00 | AP49: 08:00 - 11:00 | AQ49: 08:00 - 17:00 | AR49: OFF | AS49: OFFWE | AT49: OFFWE | AU49: SL | AV49: SL | AW49: SL | AX49: SL | AY49: SL | AZ49: OFFWE | BA49: OFFWE | BB49: 08:00 - 14:00 | BC49: 08:00 - 14:00 | BD49: OFF | BE49: 08:00 - 17:00 | BF49: OFF | BG49: OFFWE | BH49: OFFWE | BI49: 08:00 - 14:00 | BJ49: 08:00 - 14:00 | BK49: OFF | BL49: WIC 08:00 - 17:00 | BM49: OFF | BN49: OFFWE | BO49: OFFWE | BP49: 08:00 - 17:00 | BQ49: 08:00 - 17:00 | BR49: 08:00 - 17:00 | BS49: WIC 07:30 - 16:30 | BT49: 08:00 - 17:00 | BU49: OFFWE | BV49: OFFWE | BW49: 08:00 - 17:00 | BX49: 08:00 - 17:00 | BY49: 08:00 - 17:00 | BZ49: WIC 07:30 - 16:30 | CA49: 08:00 - 17:00 | CB49: OFFWE | CC49: OFFWE | CD49: 08:00 - 17:00 | CE49: 08:00 - 17:00 | CF49: 08:00 - 17:00 | CG49: WIC 07:30 - 16:30 | CH49: 08:00 - 17:00 | CI49: OFFWE | CJ49: OFFWE | CK49: 08:00 - 17:00 | CL49: 08:00 - 17:00 | CM49: 08:00 - 17:00 | CN49: WIC 07:30 - 16:30 | CO49: 08:00 - 17:00 | CP49: OFFWE | CQ49: OFFWE | CR49: 08:00 - 17:00 | CS49: 08:00 - 17:00 | CT49: 08:00 - 17:00 | CU49: WIC 07:30 - 16:30 | CV49: PH | CW49: OFFWE | CX49: OFFWE | CY49: PH | CZ49: SL | DA49: SL | DB49: SL | DC49: SL | DD49: OFFWE | DE49: OFFWE | DF49: 08:00 - 17:00 | DG49: 08:00 - 17:00 | DH49: 08:00 - 17:00 | DI49: WIC 07:30 - 16:30 | DJ49: 08:00 - 17:00 | DK49: OFFWE | DL49: OFFWE | DM49: 08:00 - 17:00 | DN49: 08:00 - 17:00 | DO49: 08:00 - 17:00 | DP49: WIC 07:30 - 16:30 | DQ49: 08:00 - 17:00 | DR49: OFFWE | DS49: OFFWE | DT49: 08:00 - 17:00 | DU49: 08:00 - 17:00 | DV49: 08:00 - 17:00 | DW49: WIC 07:30 - 16:30 | DX49: PH | DY49: OFFWE | DZ49: OFFWE | EA49: 08:00 - 17:00 | EB49: 08:00 - 17:00 | EC49: 08:00 - 17:00 | ED49: WIC 07:30 - 16:30 | EE49: 08:00 - 17:00 | EF49: OFFWE | EG49: OFFWE | EH49: 08:00 - 17:00 | EI49: 08:00 - 17:00 | EJ49: 08:00 - 17:00 | EK49: PH | EL49: 08:00 - 17:00 | EM49: OFFWE | EN49: OFFWE | EO49: 08:00 - 17:00 | EP49: 08:00 - 17:00 | EQ49: 08:00 - 17:00 | ER49: WIC 07:30 - 16:30 | ES49: 08:00 - 17:00 | ET49: OFFWE | EU49: OFFWE | EV49: PH | EW49: 08:00 - 17:00 | EX49: 08:00 - 17:00 | EY49: WIC 07:30 - 16:30 | EZ49: 08:00 - 17:00 | FA49: OFFWE | FB49: OFFWE
A50: 44 | B50: 9124687 | C50: Zehra Sila Görgün | D50: Student | E50: Voice | F50: Voice | G50: Oliver Schleusen | H50: PH | I50: 08:00 - 17:00 | J50: OFFWE | K50: OFFWE | L50: OFF | M50: OFF | N50: OFF | O50: 08:00 - 17:00 | P50: 08:00 - 17:00 | Q50: OFFWE | R50: OFFWE | S50: OFF | T50: OFF | U50: OFF | V50: 08:00 - 17:00 | W50: 08:00 - 17:00 | X50: OFFWE | Y50: OFFWE | Z50: OFF | AA50: OFF | AB50: OFF | AC50: 08:00 - 17:00 | AD50: 08:00 - 17:00 | AE50: OFFWE | AF50: OFFWE | AG50: OFF | AH50: OFF | AI50: OFF | AJ50: 08:00 - 17:00 | AK50: 08:00 - 17:00 | AL50: OFFWE | AM50: OFFWE | AN50: OFF | AO50: OFF | AP50: OFF | AQ50: 08:00 - 17:00 | AR50: 08:00 - 17:00 | AS50: OFFWE | AT50: OFFWE | AU50: OFF | AV50: OFF | AW50: OFF | AX50: 08:00 - 17:00 | AY50: 08:00 - 17:00 | AZ50: OFFWE | BA50: OFFWE | BB50: OFF | BC50: OFF | BD50: OFF | BE50: 08:00 - 17:00 | BF50: SL | BG50: OFFWE | BH50: OFFWE | BI50: OFF | BJ50: OFF | BK50: OFF | BL50: 08:00 - 17:00 | BM50: 08:00 - 17:00 | BN50: OFFWE | BO50: OFFWE | BP50: OFF | BQ50: OFF | BR50: OFF | BS50: 08:00 - 17:00 | BT50: 08:00 - 17:00 | BU50: OFFWE | BV50: OFFWE | BW50: OFF | BX50: OFF | BY50: OFF | BZ50: AL | CA50: AL | CB50: OFFWE | CC50: OFFWE | CD50: OFF | CE50: OFF | CF50: OFF | CG50: SL | CH50: SL | CI50: OFFWE | CJ50: OFFWE | CK50: OFF | CL50: OFF | CM50: OFF | CN50: 08:00 - 17:00 | CO50: 08:00 - 17:00 | CP50: OFFWE | CQ50: OFFWE | CR50: OFF | CS50: OFF | CT50: OFF | CU50: AL | CV50: PH | CW50: OFFWE | CX50: OFFWE | CY50: PH | CZ50: OFF | DA50: OFF | DB50: 08:00 - 17:00 | DC50: 08:00 - 17:00 | DD50: OFFWE | DE50: OFFWE | DF50: OFF | DG50: OFF | DH50: OFF | DI50: 08:00 - 17:00 | DJ50: 08:00 - 17:00 | DK50: OFFWE | DL50: OFFWE | DM50: OFF | DN50: OFF | DO50: OFF | DP50: 08:00 - 17:00 | DQ50: 08:00 - 17:00 | DR50: OFFWE | DS50: OFFWE | DT50: OFF | DU50: OFF | DV50: OFF | DW50: 08:00 - 17:00 | DX50: PH | DY50: OFFWE | DZ50: OFFWE | EA50: OFF | EB50: OFF | EC50: OFF | ED50: 08:00 - 17:00 | EE50: 08:00 - 17:00 | EF50: OFFWE | EG50: OFFWE | EH50: OFF | EI50: OFF | EJ50: OFF | EK50: PH | EL50: 08:00 - 17:00 | EM50: OFFWE | EN50: OFFWE | EO50: OFF | EP50: OFF | EQ50: OFF | ER50: 08:00 - 17:00 | ES50: 08:00 - 17:00 | ET50: OFFWE | EU50: OFFWE | EV50: PH | EW50: OFF | EX50: OFF | EY50: 08:00 - 17:00 | EZ50: 08:00 - 17:00 | FA50: OFFWE | FB50: OFFWE | FF50: 08:00 - 17:00 | FG50: 08:00 - 17:00
A51: 45 | B51: 9124690 | C51: Boris Kostov | D51: Student | E51: Voice | F51: Voice | G51: Oliver Schleusen | H51: PH | I51: 08:00 - 17:00 | J51: OFFWE | K51: OFFWE | L51: 08:00 - 17:00 | M51: 08:00 - 17:00 | N51: 15:00 - 17:00 | O51: 15:00 - 17:00 | P51: 08:00 - 17:00 | Q51: OFFWE | R51: OFFWE | S51: 08:00 - 10:00 15:00 - 17:00 | T51: 08:00 - 10:00 16:00 - 17:00 | U51: 15:00 - 17:00 | V51: 15:00 - 17:00 | W51: 15:00 - 17:00 | X51: OFFWE | Y51: OFFWE | Z51: 08:00 - 10:00 15:00 - 17:00 | AA51: 08:00 - 10:00 16:00 - 17:00 | AB51: 15:00 - 17:00 | AC51: 15:00 - 17:00 | AD51: 09:00 - 17:00 | AE51: OFFWE | AF51: OFFWE | AG51: 08:00 - 10:00 15:00 - 17:00 | AH51: 08:00 - 10:00 16:00 - 17:00 | AI51: 15:00 - 17:00 | AJ51: 15:00 - 17:00 | AK51: 15:00 - 17:00 | AL51: OFFWE | AM51: OFFWE | AN51: 08:00 - 10:00 15:00 - 17:00 | AO51: 08:00 - 10:00 16:00 - 17:00 | AP51: 15:00 - 17:00 | AQ51: 15:00 - 17:00 | AR51: 15:00 - 17:00 | AS51: OFFWE | AT51: OFFWE | AU51: 08:00 - 10:00 15:00 - 17:00 | AV51: 08:00 - 17:00 | AW51: 15:00 - 17:00 | AX51: 15:00 - 17:00 | AY51: 08:00 - 17:00 | AZ51: OFFWE | BA51: OFFWE | BB51: 08:00 - 17:00 | BC51: 08:00 - 17:00 | BD51: 15:00 - 17:00 | BE51: 15:00 - 17:00 | BF51: 12:00 - 17:00 | BG51: OFFWE | BH51: OFFWE | BI51: 15:00 - 17:00 | BJ51: 10:00 - 17:00 | BK51: 15:00 - 17:00 | BL51: 15:00 - 17:00 | BM51: 08:00 - 17:00 | BN51: OFFWE | BO51: OFFWE | BP51: OFF | BQ51: OFF | BR51: 14:00 - 17:00 | BS51: 15:00 - 17:00 | BT51: 14:00 - 17:00 | BU51: OFFWE | BV51: OFFWE | BW51: OFF | BX51: OFF | BY51: OFF | BZ51: OFF | CA51: OFF | CB51: OFFWE | CC51: OFFWE | CD51: 08:00 - 17:00 | CE51: 08:00 - 17:00 | CF51: 08:00 - 17:00 | CG51: 08:00 - 17:00 | CH51: 08:00 - 17:00 | CI51: OFFWE | CJ51: OFFWE | CK51: 08:00 - 17:00 | CL51: 08:00 - 17:00 | CM51: 08:00 - 17:00 | CN51: 08:00 - 17:00 | CO51: 08:00 - 17:00 | CP51: OFFWE | CQ51: OFFWE | CR51: OFF | CS51: OFF | CT51: 08:00 - 17:00 | CU51: 08:00 - 17:00 | CV51: PH | CW51: OFFWE | CX51: OFFWE | CY51: PH | CZ51: 08:00 - 17:00 | DA51: 08:00 - 14:00 | DB51: 08:00 - 14:00 | DC51: 08:00 - 14:00 | DD51: OFFWE | DE51: OFFWE | DF51: 15:00 - 17:00 | DG51: 08:00 - 10:00 15:00 - 17:00 | DH51: 15:00 - 17:00 | DI51: 15:00 - 17:00 | DJ51: 13:00 - 17:00 | DK51: OFFWE | DL51: OFFWE | DM51: 15:00 - 17:00 | DN51: 08:00 - 10:00 15:00 - 17:00 | DO51: 15:00 - 17:00 | DP51: OFF | DQ51: 13:00 - 17:00 | DR51: OFFWE | DS51: OFFWE | DT51: SL | DU51: SL | DV51: SL | DW51: SL | DX51: PH | DY51: OFFWE | DZ51: OFFWE | EA51: 15:00 - 17:00 | EB51: 08:00 - 10:00 15:00 - 17:00 | EC51: 15:00 - 17:00 | ED51: 15:00 - 17:00 | EE51: 13:00 - 17:00 | EF51: OFFWE | EG51: OFFWE | EH51: 15:00 - 17:00 | EI51: 15:00 - 17:00 | EJ51: 15:00 - 17:00 | EK51: PH | EL51: 13:00 - 17:00 | EM51: OFFWE | EN51: OFFWE | EO51: 15:00 - 17:00 | EP51: 08:00 - 10:00 15:00 - 17:00 | EQ51: 15:00 - 17:00 | ER51: 15:00 - 17:00 | ES51: 13:00 - 17:00 | ET51: OFFWE | EU51: OFFWE | EV51: PH | EW51: 08:00 - 10:00 15:00 - 17:00 | EX51: 15:00 - 17:00 | EY51: 15:00 - 17:00 | EZ51: 13:00 - 15:00 | FA51: OFFWE | FB51: OFFWE
A52: 46 | B52: 9124695 | C52: Veronika Kouwui | D52: Student | E52: Voice | F52: Voice | G52: Oliver Schleusen | H52: PH | I52: AL | J52: OFFWE | K52: OFFWE | L52: OFF | M52: OFF | N52: 08:00 - 17:00 | O52: 10:00 - 17:00 | P52: 08:00 - 14:00 | Q52: OFFWE | R52: OFFWE | S52: OFF | T52: OFF | U52: 08:00 - 17:00 | V52: 10:00 - 17:00 | W52: 08:00 - 14:00 | X52: OFFWE | Y52: OFFWE | Z52: OFF | AA52: OFF | AB52: 08:00 - 17:00 | AC52: 10:00 - 17:00 | AD52: 08:00 - 14:00 | AE52: OFFWE | AF52: OFFWE | AG52: OFF | AH52: OFF | AI52: 08:00 - 17:00 | AJ52: 10:00 - 17:00 | AK52: SL | AL52: OFFWE | AM52: OFFWE | AN52: OFF | AO52: OFF | AP52: SL | AQ52: 10:00 - 17:00 | AR52: 08:00 - 14:00 | AS52: OFFWE | AT52: OFFWE | AU52: OFF | AV52: OFF | AW52: AL | AX52: AL | AY52: 08:00 - 14:00 | AZ52: OFFWE | BA52: OFFWE | BB52: OFF | BC52: OFF | BD52: 08:00 - 17:00 | BE52: 10:00 - 17:00 | BF52: 08:00 - 14:00 | BG52: OFFWE | BH52: OFFWE | BI52: OFF | BJ52: OFF | BK52: 08:00 - 17:00 | BL52: 10:00 - 17:00 | BM52: 08:00 - 14:00 | BN52: OFFWE | BO52: OFFWE | BP52: OFF | BQ52: OFF | BR52: 08:00 - 17:00 | BS52: 10:00 - 17:00 | BT52: 08:00 - 14:00 | BU52: OFFWE | BV52: OFFWE | BW52: OFF | BX52: OFF | BY52: SL | BZ52: SL | CA52: 08:00 - 14:00 | CB52: OFFWE | CC52: OFFWE | CD52: OFF | CE52: OFF | CF52: 08:00 - 17:00 | CG52: 10:00 - 17:00 | CH52: 08:00 - 14:00 | CI52: OFFWE | CJ52: OFFWE | CK52: OFF | CL52: OFF | CM52: 08:00 - 17:00 | CN52: 10:00 - 17:00 | CO52: 08:00 - 14:00 | CP52: OFFWE | CQ52: OFFWE | CR52: OFF | CS52: OFF | CT52: 08:00 - 17:00 | CU52: 10:00 - 17:00 | CV52: PH | CW52: OFFWE | CX52: OFFWE | CY52: PH | CZ52: OFF | DA52: 08:00 - 17:00 | DB52: 10:00 - 17:00 | DC52: 08:00 - 14:00 | DD52: OFFWE | DE52: OFFWE | DF52: OFF | DG52: OFF | DH52: SL | DI52: SL | DJ52: 08:00 - 14:00 | DK52: OFFWE | DL52: OFFWE | DM52: OFF | DN52: OFF | DO52: SL | DP52: 10:00 - 17:00 | DQ52: SL | DR52: OFFWE | DS52: OFFWE | DT52: OFF | DU52: OFF | DV52: 08:00 - 17:00 | DW52: 10:00 - 17:00 | DX52: PH | DY52: OFFWE | DZ52: OFFWE | EA52: OFF | EB52: OFF | EC52: OL | ED52: OL | EE52: OL | EF52: OFFWE | EG52: OFFWE | EH52: OFF | EI52: OFF | EJ52: OL | EK52: PH | EL52: OL | EM52: OFF | EN52: OFF | EO52: OFF | EP52: OFF | EQ52: OL | ER52: OL | ES52: OL | ET52: OFFWE | EU52: OFFWE | EV52: PH | EW52: OFF | EX52: OL | EY52: OL | EZ52: OL | FA52: OFFWE | FB52: OFFWE | FE52: OL | FF52: OL | FG52: OL | FL52: OL | FM52: OL | FN52: OL
A53: 47 | B53: 9125526 | C53: Kemal Sener | D53: Student | E53: Voice | F53: Voice | G53: Oliver Schleusen | H53: PH | I53: 08:00 - 17:00 | J53: OFFWE | K53: OFFWE | L53: OFF | M53: OFF | N53: 11:00 - 17:00 | O53: 11:00 - 17:00 | P53: 08:00 - 17:00 | Q53: OFFWE | R53: OFFWE | S53: OFF | T53: OFF | U53: 11:00 - 17:00 | V53: 11:00 - 17:00 | W53: 08:00 - 17:00 | X53: OFFWE | Y53: OFFWE | Z53: OFF | AA53: OFF | AB53: 11:00 - 17:00 | AC53: 11:00 - 17:00 | AD53: 08:00 - 17:00 | AE53: OFFWE | AF53: OFFWE | AG53: OFF | AH53: OFF | AI53: 11:00 - 17:00 | AJ53: 11:00 - 17:00 | AK53: 08:00 - 17:00 | AL53: OFFWE | AM53: OFFWE | AN53: OFF | AO53: OFF | AP53: 11:00 - 17:00 | AQ53: 11:00 - 17:00 | AR53: 08:00 - 17:00 | AS53: OFFWE | AT53: OFFWE | AU53: OFF | AV53: OFF | AW53: SL | AX53: SL | AY53: SL | AZ53: OFFWE | BA53: OFFWE | BB53: OFF | BC53: OFF | BD53: AL | BE53: 11:00 - 17:00 | BF53: 08:00 - 17:00 | BG53: OFFWE | BH53: OFFWE | BI53: OFF | BJ53: OFF | BK53: 08:00 - 12:00 | BL53: 08:00 - 17:00 | BM53: 08:00 - 17:00 | BN53: OFFWE | BO53: OFFWE | BP53: OFF | BQ53: OFF | BR53: 08:00 - 12:00 | BS53: 08:00 - 17:00 | BT53: 08:00 - 17:00 | BU53: OFFWE | BV53: OFFWE | BW53: OFF | BX53: OFF | BY53: AL | BZ53: AL | CA53: AL | CB53: OFFWE | CC53: OFFWE | CD53: OFF | CE53: OFF | CF53: AL | CG53: AL | CH53: 08:00 - 17:00 | CI53: OFFWE | CJ53: OFFWE | CK53: OFF | CL53: OFF | CM53: 08:00 - 12:00 | CN53: 08:00 - 17:00 | CO53: SL | CP53: OFFWE | CQ53: OFFWE | CR53: 08:00 - 17:00 | CS53: 08:00 - 17:00 | CT53: 08:00 - 12:00 | CU53: OFF | CV53: PH | CW53: OFFWE | CX53: OFFWE | CY53: PH | CZ53: OFF | DA53: 08:00 - 12:00 | DB53: 08:00 - 17:00 | DC53: 08:00 - 17:00 | DD53: OFFWE | DE53: OFFWE | DF53: OFF | DG53: OFF | DH53: 08:00 - 12:00 | DI53: 08:00 - 17:00 | DJ53: SL | DK53: OFFWE | DL53: OFFWE | DM53: OFF | DN53: OFF | DO53: 08:00 - 12:00 | DP53: 08:00 - 17:00 | DQ53: 08:00 - 17:00 | DR53: OFFWE | DS53: OFFWE | DT53: OFF | DU53: OFF | DV53: 08:00 - 12:00 | DW53: 08:00 - 17:00 | DX53: PH | DY53: OFFWE | DZ53: OFFWE | EA53: OFF | EB53: OFF | EC53: 08:00 - 12:00 | ED53: 08:00 - 17:00 | EE53: 08:00 - 17:00 | EF53: OFFWE | EG53: OFFWE | EH53: OFF | EI53: OFF | EJ53: 08:00 - 12:00 | EK53: PH | EL53: 08:00 - 17:00 | EM53: OFFWE | EN53: OFFWE | EO53: OFF | EP53: OFF | EQ53: 08:00 - 12:00 | ER53: 08:00 - 17:00 | ES53: 08:00 - 17:00 | ET53: OFFWE | EU53: OFFWE | EV53: PH | EW53: OFF | EX53: 08:00 - 12:00 | EY53: 08:00 - 17:00 | EZ53: 08:00 - 17:00 | FA53: OFFWE | FB53: OFFWE
A54: 48 | B54: 9126879 | C54: Elvin Delic | D54: Student | E54: Voice | F54: Voice | G54: Ion Ciuceanu | H54: PH | I54: OFF | J54: OFFWE | K54: OFFWE | L54: 08:00 - 13:00 | M54: 08:00 - 13:00 | N54: 08:00 - 12:00 | O54: 08:00 - 14:00 | P54: OFF | Q54: OFFWE | R54: OFFWE | S54: 08:00 - 17:00 | T54: 08:00 - 17:00 | U54: 08:00 - 12:00 | V54: OFF | W54: OFF | X54: OFFWE | Y54: OFFWE | Z54: 08:00 - 17:00 | AA54: 08:00 - 17:00 | AB54: 08:00 - 12:00 | AC54: OFF | AD54: OFF | AE54: OFFWE | AF54: OFFWE | AG54: 08:00 - 17:00 | AH54: 08:00 - 17:00 | AI54: 08:00 - 12:00 | AJ54: OFF | AK54: OFF | AL54: OFFWE | AM54: OFFWE | AN54: 08:00 - 17:00 | AO54: 08:00 - 14:00 | AP54: 08:00 - 14:00 | AQ54: OFF | AR54: OFF | AS54: OFFWE | AT54: OFFWE | AU54: 08:00 - 17:00 | AV54: 08:00 - 14:00 | AW54: 08:00 - 14:00 | AX54: OFF | AY54: OFF | AZ54: OFFWE | BA54: OFFWE | BB54: AL | BC54: AL | BD54: AL | BE54: OFF | BF54: OFF | BG54: OFFWE | BH54: OFFWE | BI54: AL | BJ54: AL | BK54: AL | BL54: OFF | BM54: OFF | BN54: OFFWE | BO54: OFFWE | BP54: 08:00 - 17:00 | BQ54: 08:00 - 14:00 | BR54: 08:00 - 14:00 | BS54: OFF | BT54: OFF | BU54: OFFWE | BV54: OFFWE | BW54: 08:00 - 17:00 | BX54: 08:00 - 14:00 | BY54: 08:00 - 14:00 | BZ54: OFF | CA54: OFF | CB54: OFFWE | CC54: OFFWE | CD54: SL | CE54: SL | CF54: 08:00 - 14:00 | CG54: OFF | CH54: OFF | CI54: OFFWE | CJ54: OFFWE | CK54: AL | CL54: AL | CM54: 08:00 - 14:00 | CN54: OFF | CO54: OFF | CP54: OFFWE | CQ54: OFFWE | CR54: 08:00 - 17:00 | CS54: 08:00 - 14:00 | CT54: 08:00 - 14:00 | CU54: OFF | CV54: PH | CW54: OFFWE | CX54: OFFWE | CY54: PH | CZ54: 08:00 - 14:00 | DA54: 08:00 - 14:00 | DB54: OFF | DC54: OFF | DD54: OFFWE | DE54: OFFWE | DF54: SL | DG54: SL | DH54: SL | FA54: OFFWE | FB54: OFFWE
A55: 49 | B55: 9126887 | C55: Dominik Bajic | D55: Student | E55: Chat CRO | F55: Voice | G55: Karlo Coric | H55: PH | I55: OFF | J55: OFFWE | K55: OFFWE | L55: 08:00 - 17:00 | M55: 08:00 - 17:00 | N55: 08:00 - 12:00 | O55: OFF | P55: OFF | Q55: OFFWE | R55: OFFWE | S55: 08:00 - 17:00 | T55: 08:00 - 17:00 | U55: 08:00 - 12:00 | V55: OFF | W55: OFF | X55: OFFWE | Y55: OFFWE | Z55: 08:00 - 17:00 | AA55: 08:00 - 17:00 | AB55: 08:00 - 12:00 | AC55: OFF | AD55: OFF | AE55: OFFWE | AF55: OFFWE | AG55: 08:00 - 17:00 | AH55: 08:00 - 17:00 | AI55: UL | AJ55: OFF | AK55: OFF | AL55: OFFWE | AM55: OFFWE | AN55: 08:00 - 17:00 | AO55: 08:00 - 17:00 | AP55: 08:00 - 12:00 | AQ55: OFF | AR55: OFF | AS55: OFFWE | AT55: OFFWE | AU55: 08:00 - 17:00 | AV55: 08:00 - 17:00 | AW55: 08:00 - 12:00 | AX55: OFF | AY55: OFF | AZ55: OFFWE | BA55: OFFWE | BB55: 08:00 - 17:00 | BC55: 08:00 - 17:00 | BD55: 08:00 - 12:00 | BE55: OFF | BF55: OFF | BG55: OFFWE | BH55: OFFWE | BI55: 08:00 - 17:00 | BJ55: 08:00 - 17:00 | BK55: 08:00 - 12:00 | BL55: OFF | BM55: OFF | BN55: OFFWE | BO55: OFFWE | BP55: 08:00 - 17:00 | BQ55: SL | BR55: 08:00 - 12:00 | BS55: OFF | BT55: OFF | BU55: OFFWE | BV55: OFFWE | BW55: 08:00 - 17:00 | BX55: 08:00 - 17:00 | BY55: 08:00 - 12:00 | BZ55: OFF | CA55: OFF | CB55: OFFWE | CC55: OFFWE | CD55: 08:00 - 17:00 | CE55: 09:00 - 18:00 | CF55: 08:00 - 12:00 | CG55: OFF | CH55: OFF | CI55: OFFWE | CJ55: OFFWE | CK55: 08:00 - 17:00 | CL55: 08:00 - 17:00 | CM55: 08:00 - 12:00 | CN55: OFF | CO55: OFF | CP55: OFFWE | CQ55: OFFWE | CR55: 08:00 - 17:00 | CS55: 08:00 - 17:00 | CT55: 08:00 - 12:00 | CU55: OFF | CV55: PH | CW55: OFFWE | CX55: OFFWE | CY55: PH | CZ55: SL | DA55: 08:00 - 12:00 | DB55: OFF | DC55: OFF | DD55: OFFWE | DE55: OFFWE | DF55: 07:00 - 16:00 | DG55: 07:00 - 16:00 | DH55: 07:00 - 11:00 | DI55: OFF | DJ55: OFF | DK55: OFFWE | DL55: OFFWE | DM55: 07:00 - 16:00 | DN55: 07:00 - 16:00 | DO55: 07:00 - 11:00 | DP55: OFF | DQ55: OFF | DR55: OFFWE | DS55: OFFWE | DT55: 07:00 - 16:00 | DU55: 07:00 - 16:00 | DV55: 07:00 - 11:00 | DW55: OFF | DX55: PH | DY55: OFFWE | DZ55: OFFWE | EA55: 07:00 - 16:00 | EB55: 07:00 - 16:00 | EC55: 07:00 - 11:00 | ED55: OFF | EE55: OFF | EF55: OFFWE | EG55: OFFWE | EH55: AL | EI55: AL | EJ55: AL | EK55: PH | EL55: OFF | EM55: OFFWE | EN55: OFFWE | EO55: AL | EP55: AL | EQ55: AL | ER55: OFF | ES55: OFF | ET55: OFFWE | EU55: OFFWE | EV55: PH | EW55: 07:00 - 16:00 | EX55: 07:00 - 11:00 | EY55: OFF | EZ55: OFF | FA55: OFFWE | FB55: OFFWE | FC55: 07:00 - 16:00 | FD55: 07:00 - 16:00 | FE55: 07:00 - 11:00
A56: 50 | B56: 9074576 | C56: Sharon Huber | D56: Full Time | E56: Chat | F56: Chat | G56: Tobias Rossberg | H56: PH | I56: 07:00 - 16:00 | J56: OFFWE | K56: OFFWE | L56: 07:00 - 16:00 | M56: 07:00 - 16:00 | N56: 07:00 - 16:00 | O56: 07:00 - 16:00 | P56: 07:00 - 16:00 | Q56: OFFWE | R56: OFFWE | S56: SL | T56: SL | U56: SL | V56: 07:00 - 16:00 | W56: 07:00 - 16:00 | X56: OFFWE | Y56: OFFWE | Z56: 07:00 - 16:00 | AA56: 07:00 - 16:00 | AB56: 07:00 - 16:00 | AC56: 07:00 - 16:00 | AD56: 07:00 - 16:00 | AE56: OFFWE | AF56: OFFWE | AG56: 07:00 - 16:00 | AH56: 07:00 - 16:00 | AI56: 07:00 - 16:00 | AJ56: 07:00 - 16:00 | AK56: 07:00 - 16:00 | AL56: OFFWE | AM56: OFFWE | AN56: 07:00 - 16:00 | AO56: 07:00 - 16:00 | AP56: 07:00 - 16:00 | AQ56: 07:00 - 16:00 | AR56: 07:00 - 16:00 | AS56: OFFWE | AT56: OFFWE | AU56: 07:00 - 16:00 | AV56: 07:00 - 16:00 | AW56: 07:00 - 16:00 | AX56: 07:00 - 16:00 | AY56: 07:00 - 16:00 | AZ56: OFFWE | BA56: OFFWE | BB56: 07:00 - 16:00 | BC56: 07:00 - 16:00 | BD56: 07:00 - 16:00 | BE56: 07:00 - 16:00 | BF56: 07:00 - 16:00 | BG56: OFFWE | BH56: OFFWE | BI56: 07:00 - 16:00 | BJ56: 07:00 - 16:00 | BK56: 07:00 - 16:00 | BL56: 07:00 - 16:00 | BM56: 07:00 - 16:00 | BN56: OFFWE | BO56: OFFWE | BP56: 07:00 - 16:00 | BQ56: 07:00 - 16:00 | BR56: SL | BS56: SL | BT56: SL | BU56: SL | BV56: SL | BW56: SL | BX56: SL | BY56: SL | BZ56: SL | CA56: SL | CB56: SL | CC56: SL | CD56: SL | CE56: SL | CF56: SL | CG56: SL | CH56: SL | CI56: SL | CJ56: SL | CK56: SL | CL56: SL | CM56: SL | CN56: SL | CO56: SL | CP56: OFFWE | CQ56: OFFWE | CR56: 07:00 - 16:00 | CS56: 07:00 - 16:00 | CT56: 07:00 - 16:00 | CU56: 07:00 - 16:00 | CV56: PH | CW56: OFFWE | CX56: OFFWE | CY56: PH | CZ56: 07:00 - 16:00 | DA56: 07:00 - 16:00 | DB56: 07:00 - 16:00 | DC56: 07:00 - 16:00 | DD56: OFFWE | DE56: OFFWE | DF56: AL | DG56: 07:00 - 16:00 | DH56: 07:00 - 16:00 | DI56: 07:00 - 16:00 | DJ56: 07:00 - 16:00 | DK56: OFFWE | DL56: OFFWE | DM56: 07:00 - 16:00 | DN56: 07:00 - 16:00 | DO56: 07:00 - 16:00 | DP56: 07:00 - 16:00 | DQ56: 07:00 - 16:00 | DR56: OFFWE | DS56: OFFWE | DT56: AL | DU56: 07:00 - 16:00 | DV56: 07:00 - 16:00 | DW56: 07:00 - 16:00 | DX56: PH | DY56: OFFWE | DZ56: OFFWE | EA56: 07:00 - 16:00 | EB56: 07:00 - 16:00 | EC56: 07:00 - 16:00 | ED56: 07:00 - 16:00 | EE56: 07:00 - 16:00 | EF56: OFFWE | EG56: OFFWE | EH56: 07:00 - 16:00 | EI56: 07:00 - 16:00 | EJ56: 07:00 - 16:00 | EK56: PH | EL56: AL | EM56: OFFWE | EN56: OFFWE | EO56: AL | EP56: AL | EQ56: AL | ER56: 07:00 - 16:00 | ES56: 07:00 - 16:00 | ET56: OFFWE | EU56: OFFWE | EV56: PH | EW56: 07:00 - 16:00 | EX56: 07:00 - 16:00 | EY56: 07:00 - 16:00 | EZ56: 07:00 - 16:00 | FA56: OFFWE | FB56: OFFWE | FG56: AL | FH56: OFFWE | FI56: OFFWE | FJ56: AL | FK56: AL | FL56: AL | FM56: 07:00 - 16:00 | FN56: 07:00 - 16:00 | FO56: OFFWE | FP56: OFFWE | FQ56: 07:00 - 16:00 | FR56: 07:00 - 16:00 | FS56: 07:00 - 16:00 | FT56: 07:00 - 16:00 | FU56: AL | GA56: AL | GB56: AL | GC56: OFFWE | GD56: OFFWE | GE56: AL | GV56: AL | GW56: AL | HC56: AL | HD56: AL | HE56: OFFWE | HF56: OFFWE | HG56: AL | IM56: AL | IN56: OFFWE | IO56: OFFWE | IP56: AL
A57: 51 | B57: 9092596 | C57: Timon Philippen | D57: Full Time | E57: Voice | F57: Translation calls | G57: Delia Panaitescu | H57: PH | I57: 08:00 - 17:00 | J57: OFFWE | K57: OFFWE | L57: 08:00 - 17:00 | M57: 08:00 - 17:00 | N57: 08:00 - 17:00 | O57: 08:00 - 17:00 | P57: 08:00 - 17:00 | Q57: OFFWE | R57: OFFWE | S57: 08:00 - 17:00 | T57: 07:00 - 16:00 | U57: 07:00 - 16:00 | V57: 07:00 - 16:00 | W57: 08:00 - 17:00 | X57: OFFWE | Y57: OFFWE | Z57: 08:00 - 17:00 | AA57: 08:00 - 17:00 | AB57: AL | AC57: AL | AD57: 08:00 - 17:00 | AE57: OFFWE | AF57: OFFWE | AG57: 08:00 - 17:00 | AH57: 08:00 - 17:00 | AI57: 08:00 - 17:00 | AJ57: 08:00 - 17:00 | AK57: 08:00 - 17:00 | AL57: OFFWE | AM57: OFFWE | AN57: 08:00 - 17:00 | AO57: 08:00 - 17:00 | AP57: 08:00 - 17:00 | AQ57: 08:00 - 17:00 | AR57: AL | AS57: OFFWE | AT57: OFFWE | AU57: 08:00 - 17:00 | AV57: 08:00 - 17:00 | AW57: 08:00 - 17:00 | AX57: 08:00 - 17:00 | AY57: 08:00 - 17:00 | AZ57: OFFWE | BA57: OFFWE | BB57: 08:00 - 17:00 | BC57: 08:00 - 17:00 | BD57: 08:00 - 17:00 | BE57: 08:00 - 17:00 | BF57: 08:00 - 17:00 | BG57: OFFWE | BH57: OFFWE | BI57: 08:00 - 17:00 | BJ57: 08:00 - 17:00 | BK57: 08:00 - 17:00 | BL57: AL | BM57: AL | BN57: OFFWE | BO57: OFFWE | BP57: 08:00 - 17:00 | BQ57: SL | BR57: SL | BS57: AL | BT57: AL | BU57: OFFWE | BV57: OFFWE | BW57: 08:00 - 17:00 | BX57: 08:00 - 17:00 | BY57: 08:00 - 17:00 | BZ57: 08:00 - 17:00 | CA57: 08:00 - 17:00 | CB57: OFFWE | CC57: OFFWE | CD57: 08:00 - 17:00 | CE57: 07:00 - 16:00 | CF57: 07:00 - 16:00 | CG57: 07:00 - 16:00 | CH57: 07:00 - 16:00 | CI57: OFFWE | CJ57: OFFWE | CK57: AL | CL57: AL | CM57: AL | CN57: AL | CO57: AL | CP57: OFFWE | CQ57: OFFWE | CR57: 08:00 - 17:00 | CS57: 08:00 - 17:00 | CT57: 08:00 - 17:00 | CU57: 08:00 - 17:00 | CV57: PH | CW57: OFFWE | CX57: OFFWE | CY57: PH | CZ57: 08:00 - 17:00 | DA57: 08:00 - 17:00 | DB57: 08:00 - 17:00 | DC57: 08:00 - 17:00 | DD57: OFFWE | DE57: OFFWE | DF57: 08:00 - 17:00 | DG57: 08:00 - 17:00 | DH57: 08:00 - 17:00 | DI57: 08:00 - 17:00 | DJ57: 08:00 - 17:00 | DK57: OFFWE | DL57: OFFWE | DM57: 08:00 - 17:00 | DN57: 08:00 - 17:00 | DO57: 08:00 - 17:00 | DP57: 08:00 - 17:00 | DQ57: 08:00 - 17:00 | DR57: OFFWE | DS57: OFFWE | DT57: 08:00 - 17:00 | DU57: 08:00 - 17:00 | DV57: AL | DW57: CD | DX57: 08:00 - 17:00 | DY57: OFFWE | DZ57: OFFWE | EA57: 08:00 - 17:00 | EB57: 08:00 - 17:00 | EC57: 08:00 - 17:00 | ED57: 08:00 - 17:00 | EE57: 08:00 - 17:00 | EF57: OFFWE | EG57: OFFWE | EH57: 08:00 - 17:00 | EI57: 08:00 - 17:00 | EJ57: 08:00 - 17:00 | EK57: PH | EL57: 08:00 - 17:00 | EM57: OFFWE | EN57: OFFWE | EO57: 08:00 - 17:00 | EP57: 08:00 - 17:00 | EQ57: 08:00 - 17:00 | ER57: 08:00 - 17:00 | ES57: 08:00 - 17:00 | ET57: OFFWE | EU57: OFFWE | EV57: PH | EW57: 08:00 - 17:00 | EX57: 08:00 - 17:00 | EY57: 08:00 - 17:00 | EZ57: 08:00 - 17:00 | FA57: OFFWE | FB57: OFFWE
A58: 52 | B58: 9074582 | C58: Stephan Becker | D58: Full Time | E58: SSP | F58: SSP | G58: Karlo Coric | H58: PH | I58: 07:00 - 16:00 | J58: OFFWE | K58: OFFWE | L58: 07:00 - 16:00 | M58: 07:00 - 16:00 | N58: SL | O58: 07:00 - 16:00 | P58: 07:00 - 16:00 | Q58: OFFWE | R58: OFFWE | S58: 07:00 - 16:00 | T58: 07:00 - 16:00 | U58: 07:00 - 16:00 | V58: 07:00 - 16:00 | W58: 07:00 - 16:00 | X58: OFFWE | Y58: OFFWE | Z58: 07:00 - 16:00 | AA58: 07:00 - 16:00 | AB58: 07:00 - 16:00 | AC58: 07:00 - 16:00 | AD58: 07:00 - 16:00 | AE58: OFFWE | AF58: OFFWE | AG58: 07:00 - 16:00 | AH58: 07:00 - 16:00 | AI58: 07:00 - 16:00 | AJ58: 07:00 - 16:00 | AK58: 07:00 - 16:00 | AL58: OFFWE | AM58: OFFWE | AN58: SL | AO58: 07:00 - 16:00 | AP58: 07:00 - 16:00 | AQ58: SL | AR58: SL | AS58: SL | AT58: SL | AU58: SL | AV58: SL | AW58: SL | AX58: 07:00 - 16:00 | AY58: 07:00 - 16:00 | AZ58: OFFWE | BA58: OFFWE | BB58: 07:00 - 16:00 | BC58: 07:00 - 16:00 | BD58: 07:00 - 16:00 | BE58: 07:00 - 16:00 | BF58: 07:00 - 16:00 | BG58: OFFWE | BH58: OFFWE | BI58: 07:00 - 16:00 | BJ58: 07:00 - 16:00 | BK58: 07:00 - 16:00 | BL58: 07:00 - 16:00 | BM58: 07:00 - 16:00 | BN58: OFFWE | BO58: OFFWE | BP58: 07:00 - 16:00 | BQ58: 07:00 - 16:00 | BR58: 07:00 - 16:00 | BS58: 07:00 - 16:00 | BT58: 07:00 - 16:00 | BU58: OFFWE | BV58: OFFWE | BW58: 07:00 - 16:00 | BX58: HSL * | BY58: 07:00 - 16:00 | BZ58: 07:00 - 16:00 | CA58: AL | CB58: OFFWE | CC58: OFFWE | CD58: AL | CE58: 07:00 - 16:00 | CF58: 07:00 - 16:00 | CG58: 07:00 - 16:00 | CH58: 07:00 - 16:00 | CI58: OFFWE | CJ58: OFFWE | CK58: 07:00 - 16:00 | CL58: 07:00 - 16:00 | CM58: 07:00 - 16:00 | CN58: 07:00 - 16:00 | CO58: 07:00 - 16:00 | CP58: OFFWE | CQ58: OFFWE | CR58: 07:00 - 16:00 | CS58: 07:00 - 16:00 | CT58: 07:00 - 16:00 | CU58: 07:00 - 16:00 | CV58: PH | CW58: OFFWE | CX58: OFFWE | CY58: PH | CZ58: 07:00 - 16:00 | DA58: 07:00 - 16:00 | DB58: 07:00 - 16:00 | DC58: 07:00 - 16:00 | DD58: OFFWE | DE58: OFFWE | DF58: 07:00 - 16:00 | DG58: 07:00 - 16:00 | DH58: 07:00 - 16:00 | DI58: 07:00 - 16:00 | DJ58: 07:00 - 16:00 | DK58: OFFWE | DL58: OFFWE | DM58: AL | DN58: 07:00 - 16:00 | DO58: 07:00 - 16:00 | DP58: 07:00 - 16:00 | DQ58: 07:00 - 16:00 | DR58: OFFWE | DS58: OFFWE | DT58: 07:00 - 16:00 | DU58: 07:00 - 16:00 | DV58: 07:00 - 16:00 | DW58: 07:00 - 16:00 | DX58: PH | DY58: OFFWE | DZ58: OFFWE | EA58: 07:00 - 16:00 | EB58: 07:00 - 16:00 | EC58: 07:00 - 16:00 | ED58: 07:00 - 16:00 | EE58: 07:00 - 16:00 | EF58: OFFWE | EG58: OFFWE | EH58: 07:00 - 16:00 | EI58: 07:00 - 16:00 | EJ58: 07:00 - 16:00 | EK58: PH | EL58: 07:00 - 16:00 | EM58: OFFWE | EN58: OFFWE | EO58: 07:00 - 16:00 | EP58: 07:00 - 16:00 | EQ58: 07:00 - 16:00 | ER58: 07:00 - 16:00 | ES58: 07:00 - 16:00 | ET58: OFFWE | EU58: OFFWE | EV58: PH | EW58: 07:00 - 16:00 | EX58: 07:00 - 16:00 | EY58: 07:00 - 16:00 | EZ58: 07:00 - 16:00 | FA58: OFFWE | FB58: OFFWE
A59: 53 | B59: 9074345 | C59: Angelika Weber | D59: Full Time | E59: SSP | F59: WIC | G59: Tobias Rossberg | H59: PH | I59: 06:00 - 15:00 | J59: OFFWE | K59: OFFWE | L59: 06:00 - 15:00 | M59: 06:00 - 15:00 | N59: 06:00 - 15:00 | O59: WIC 08:00 - 17:00 | P59: 06:00 - 15:00 | Q59: OFFWE | R59: OFFWE | S59: 06:00 - 15:00 | T59: 06:00 - 15:00 | U59: 06:00 - 15:00 | V59: WIC 08:00 - 17:00 | W59: WIC 08:00 - 17:00 | X59: OFFWE | Y59: OFFWE | Z59: CD | AA59: 06:00 - 15:00 | AB59: 06:00 - 15:00 | AC59: WIC 08:00 - 17:00 | AD59: 06:00 - 15:00 | AE59: OFFWE | AF59: OFFWE | AG59: 06:00 - 15:00 | AH59: 06:00 - 15:00 | AI59: WIC 08:00 - 17:00 | AJ59: WIC 08:00 - 17:00 | AK59: 06:00 - 15:00 | AL59: OFFWE | AM59: OFFWE | AN59: 06:00 - 15:00 | AO59: 06:00 - 15:00 | AP59: 06:00 - 15:00 | AQ59: WIC 08:00 - 17:00 | AR59: 06:00 - 15:00 | AS59: OFFWE | AT59: OFFWE | AU59: 06:00 - 15:00 | AV59: 06:00 - 15:00 | AW59: 06:00 - 15:00 | AX59: WIC 08:00 - 17:00 | AY59: 06:00 - 15:00 | AZ59: OFFWE | BA59: OFFWE | BB59: WIC 08:00 - 17:00 | BC59: WIC 08:00 - 17:00 | BD59: WIC 08:00 - 17:00 | BE59: WIC 08:00 - 17:00 | BF59: WIC 08:00 - 17:00 | BG59: OFFWE | BH59: OFFWE | BI59: 06:00 - 15:00 | BJ59: 06:00 - 15:00 | BK59: 06:00 - 15:00 | BL59: WIC 08:00 - 17:00 | BM59: WIC 08:00 - 17:00 | BN59: OFFWE | BO59: OFFWE | BP59: 06:00 - 15:00 | BQ59: WIC 07:30 - 16:30 | BR59: WIC 07:30 - 16:30 | BS59: WIC 07:30 - 16:30 | BT59: WIC 07:30 - 16:30 | BU59: OFFWE | BV59: OFFWE | BW59: WIC 07:30 - 16:30 | BX59: WIC 07:30 - 16:30 | BY59: WIC 07:30 - 16:30 | BZ59: WIC 07:30 - 16:30 | CA59: WIC 07:30 - 16:30 | CB59: OFFWE | CC59: OFFWE | CD59: WIC 07:30 - 16:30 | CE59: WIC 06:00 - 15:00 | CF59: WIC 07:30 - 16:30 | CG59: WIC 06:00 - 15:00 | CH59: OL | CI59: OFFWE | CJ59: OFFWE | CK59: OL | CL59: WIC 06:00 - 15:00 | CM59: WIC 07:30 - 16:30 | CN59: WIC 06:00 - 15:00 | CO59: 06:00 - 15:00 | CP59: OFFWE | CQ59: OFFWE | CR59: 06:00 - 15:00 | CS59: WIC 06:00 - 15:00 | CT59: WIC 07:30 - 16:30 | CU59: WIC 06:00 - 15:00 | CV59: PH | CW59: OFFWE | CX59: OFFWE | CY59: PH | CZ59: 06:00 - 15:00 | DA59: 06:00 - 15:00 | DB59: WIC 06:00 - 15:00 | DC59: 06:00 - 15:00 | DD59: OFFWE | DE59: OFFWE | DF59: 06:00 - 15:00 | DG59: 06:00 - 15:00 | DH59: 06:00 - 15:00 | DI59: WIC 06:00 - 15:00 | DJ59: 06:00 - 15:00 | DK59: OFFWE | DL59: OFFWE | DM59: 06:00 - 15:00 | DN59: 06:00 - 15:00 | DO59: 06:00 - 15:00 | DP59: WIC 06:00 - 15:00 | DQ59: 06:00 - 15:00 | DR59: OFFWE | DS59: OFFWE | DT59: 06:00 - 15:00 | DU59: 06:00 - 15:00 | DV59: 06:00 - 15:00 | DW59: WIC 06:00 - 15:00 | DX59: PH | DY59: OFFWE | DZ59: OFFWE | EA59: 06:00 - 15:00 | EB59: WIC 06:00 - 15:00 | EC59: 06:00 - 15:00 | ED59: WIC 06:00 - 15:00 | EE59: 06:00 - 15:00 | EF59: OFFWE | EG59: OFFWE | EH59: 06:00 - 15:00 | EI59: WIC 06:00 - 15:00 | EJ59: 06:00 - 15:00 | EK59: PH | EL59: AL | EM59: OFFWE | EN59: OFFWE | EO59: 06:00 - 15:00 | EP59: 06:00 - 15:00 | EQ59: 06:00 - 15:00 | ER59: WIC 06:00 - 15:00 | ES59: 06:00 - 15:00 | ET59: OFFWE | EU59: OFFWE | EV59: PH | EW59: 06:00 - 15:00 | EX59: 06:00 - 15:00 | EY59: WIC 06:00 - 15:00 | EZ59: 06:00 - 15:00 | FA59: OFFWE | FB59: OFFWE | FG59: AL | FH59: OFFWE | FI59: OFFWE | FJ59: AL | FK59: AL | FL59: AL | FM59: AL | FN59: AL | FO59: OFFWE | FP59: OFFWE | FQ59: AL | FR59: AL | FS59: AL | FT59: AL | FU59: AL | IU59: OFFWE | IV59: OFFWE | IW59: AL | IX59: AL | IY59: AL | IZ59: AL | JA59: AL | JB59: OFFWE | JC59: OFFWE | JD59: AL | JE59: AL | JF59: AL | JG59: AL | JH59: AL | JI59: OFFWE | JJ59: OFFWE | JK59: AL | JL59: AL | JM59: AL | JN59: AL | JO59: AL | NA59: CD | NE59: CD
A60: 54 | B60: 9074330 | C60: Adnan Lelic | D60: Full Time | E60: SSP | F60: SSP | G60: Tobias Rossberg | H60: PH | I60: 08:00 - 17:00 | J60: OFFWE | K60: OFFWE | L60: 08:00 - 17:00 | M60: 08:00 - 17:00 | N60: 08:00 - 17:00 | O60: 08:00 - 17:00 | P60: 08:00 - 17:00 | Q60: OFFWE | R60: OFFWE | S60: 08:00 - 17:00 | T60: 08:00 - 17:00 | U60: 08:00 - 17:00 | V60: 08:00 - 17:00 | W60: 08:00 - 17:00 | X60: OFFWE | Y60: OFFWE | Z60: AL | AA60: AL | AB60: AL | AC60: 08:00 - 17:00 | AD60: 08:00 - 17:00 | AE60: OFFWE | AF60: OFFWE | AG60: 08:00 - 17:00 | AH60: 08:00 - 17:00 | AI60: 08:00 - 17:00 | AJ60: 08:00 - 17:00 | AK60: 08:00 - 17:00 | AL60: OFFWE | AM60: OFFWE | AN60: 08:00 - 17:00 | AO60: 08:00 - 17:00 | AP60: 08:00 - 17:00 | AQ60: 08:00 - 17:00 | AR60: 08:00 - 17:00 | AS60: OFFWE | AT60: OFFWE | AU60: 08:00 - 17:00 | AV60: 08:00 - 17:00 | AW60: 08:00 - 17:00 | AX60: 08:00 - 17:00 | AY60: 08:00 - 17:00 | AZ60: OFFWE | BA60: OFFWE | BB60: 08:00 - 17:00 | BC60: 08:00 - 17:00 | BD60: 08:00 - 17:00 | BE60: 08:00 - 17:00 | BF60: 08:00 - 17:00 | BG60: OFFWE | BH60: OFFWE | BI60: 08:00 - 17:00 | BJ60: 08:00 - 17:00 | BK60: 08:00 - 17:00 | BL60: 08:00 - 17:00 | BM60: 08:00 - 17:00 | BN60: OFFWE | BO60: OFFWE | BP60: 08:00 - 17:00 | BQ60: 08:00 - 17:00 | BR60: 08:00 - 17:00 | BS60: 08:00 - 17:00 | BT60: 08:00 - 17:00 | BU60: OFFWE | BV60: OFFWE | BW60: 08:00 - 17:00 | BX60: 08:00 - 17:00 | BY60: 08:00 - 17:00 | BZ60: 08:00 - 17:00 | CA60: 08:00 - 17:00 | CB60: OFFWE | CC60: OFFWE | CD60: 08:00 - 17:00 | CE60: 08:00 - 17:00 | CF60: 08:00 - 17:00 | CG60: 08:00 - 17:00 | CH60: 08:00 - 17:00 | CI60: OFFWE | CJ60: OFFWE | CK60: 08:00 - 17:00 | CL60: 08:00 - 17:00 | CM60: 08:00 - 17:00 | CN60: 08:00 - 17:00 | CO60: 08:00 - 17:00 | CP60: OFFWE | CQ60: OFFWE | CR60: 08:00 - 17:00 | CS60: 08:00 - 17:00 | CT60: 08:00 - 17:00 | CU60: 08:00 - 17:00 | CV60: PH | CW60: OFFWE | CX60: OFFWE | CY60: PH | CZ60: 08:00 - 17:00 | DA60: 08:00 - 17:00 | DB60: 08:00 - 17:00 | DC60: 08:00 - 17:00 | DD60: OFFWE | DE60: OFFWE | DF60: 08:00 - 17:00 | DG60: 08:00 - 17:00 | DH60: 08:00 - 17:00 | DI60: 08:00 - 17:00 | DJ60: 08:00 - 17:00 | DK60: OFFWE | DL60: OFFWE | DM60: 08:00 - 17:00 | DN60: 08:00 - 17:00 | DO60: 08:00 - 17:00 | DP60: AL | DQ60: AL | DR60: OFFWE | DS60: OFFWE | DT60: 08:00 - 17:00 | DU60: 08:00 - 17:00 | DV60: 08:00 - 17:00 | DW60: 08:00 - 17:00 | DX60: PH | DY60: OFFWE | DZ60: OFFWE | EA60: 08:00 - 17:00 | EB60: 08:00 - 17:00 | EC60: 08:00 - 17:00 | ED60: 08:00 - 17:00 | EE60: 08:00 - 17:00 | EF60: OFFWE | EG60: OFFWE | EH60: 08:00 - 17:00 | EI60: 08:00 - 17:00 | EJ60: 08:00 - 17:00 | EK60: PH | EL60: 08:00 - 17:00 | EM60: OFFWE | EN60: OFFWE | EO60: 08:00 - 17:00 | EP60: 08:00 - 17:00 | EQ60: 08:00 - 17:00 | ER60: 08:00 - 17:00 | ES60: 08:00 - 17:00 | ET60: OFFWE | EU60: OFFWE | EV60: PH | EW60: 08:00 - 17:00 | EX60: 08:00 - 17:00 | EY60: 08:00 - 17:00 | EZ60: 08:00 - 17:00 | FA60: OFFWE | FB60: OFFWE | FX60: AL | FY60: AL | FZ60: AL | GA60: AL | GG60: AL | GH60: AL | GI60: AL | GL60: AL | GM60: AL | GN60: 13:00 - 22:00 | GO60: 13:00 - 22:00 | GP60: 13:00 - 22:00 | GS60: 13:00 - 22:00 | GT60: 13:00 - 22:00 | GU60: 13:00 - 22:00 | GV60: 13:00 - 22:00 | GW60: 13:00 - 22:00 | HG60: AL
A61: 55 | B61: 9074518 | C61: Javier Sang | D61: Full Time | E61: SSP | F61: SSP | G61: Karlo Coric | H61: PH | I61: 08:00 - 17:00 | J61: OFFWE | K61: OFFWE | L61: 08:00 - 17:00 | M61: 08:00 - 17:00 | N61: 08:00 - 17:00 | O61: 08:00 - 17:00 | P61: 08:00 - 17:00 | Q61: OFFWE | R61: OFFWE | S61: 08:00 - 17:00 | T61: 08:00 - 17:00 | U61: 08:00 - 17:00 | V61: 08:00 - 17:00 | W61: 08:00 - 17:00 | X61: OFFWE | Y61: OFFWE | Z61: 08:00 - 17:00 | AA61: 08:00 - 17:00 | AB61: 08:00 - 17:00 | AC61: 08:00 - 17:00 | AD61: 08:00 - 17:00 | AE61: OFFWE | AF61: OFFWE | AG61: 08:00 - 17:00 | AH61: 08:00 - 17:00 | AI61: 08:00 - 17:00 | AJ61: 08:00 - 17:00 | AK61: 08:00 - 17:00 | AL61: OFFWE | AM61: OFFWE | AN61: 08:00 - 17:00 | AO61: 08:00 - 17:00 | AP61: 08:00 - 17:00 | AQ61: 08:00 - 17:00 | AR61: 08:00 - 17:00 | AS61: OFFWE | AT61: OFFWE | AU61: 08:00 - 17:00 | AV61: 08:00 - 17:00 | AW61: 08:00 - 17:00 | AX61: 08:00 - 17:00 | AY61: 08:00 - 17:00 | AZ61: OFFWE | BA61: OFFWE | BB61: 08:00 - 17:00 | BC61: 08:00 - 17:00 | BD61: 08:00 - 17:00 | BE61: 08:00 - 17:00 | BF61: 08:00 - 17:00 | BG61: OFFWE | BH61: OFFWE | BI61: 08:00 - 17:00 | BJ61: 08:00 - 17:00 | BK61: 08:00 - 17:00 | BL61: 08:00 - 17:00 | BM61: 08:00 - 17:00 | BN61: OFFWE | BO61: OFFWE | BP61: 08:00 - 17:00 | BQ61: 08:00 - 17:00 | BR61: 08:00 - 17:00 | BS61: 08:00 - 17:00 | BT61: 08:00 - 17:00 | BU61: OFFWE | BV61: OFFWE | BW61: 08:00 - 17:00 | BX61: 08:00 - 17:00 | BY61: 08:00 - 17:00 | BZ61: 08:00 - 17:00 | CA61: 08:00 - 17:00 | CB61: OFFWE | CC61: OFFWE | CD61: 08:00 - 17:00 | CE61: 08:00 - 17:00 | CF61: 08:00 - 17:00 | CG61: 08:00 - 17:00 | CH61: 08:00 - 17:00 | CI61: OFFWE | CJ61: OFFWE | CK61: 08:00 - 17:00 | CL61: 08:00 - 17:00 | CM61: 08:00 - 17:00 | CN61: 08:00 - 17:00 | CO61: 08:00 - 17:00 | CP61: OFFWE | CQ61: OFFWE | CR61: 08:00 - 17:00 | CS61: 08:00 - 17:00 | CT61: 08:00 - 17:00 | CU61: 08:00 - 17:00 | CV61: PH | CW61: OFFWE | CX61: OFFWE | CY61: PH | CZ61: 08:00 - 17:00 | DA61: 08:00 - 17:00 | DB61: 08:00 - 17:00 | DC61: 08:00 - 17:00 | DD61: OFFWE | DE61: OFFWE | DF61: AL | DG61: AL | DH61: AL | DI61: AL | DJ61: AL | DK61: OFFWE | DL61: OFFWE | DM61: 08:00 - 17:00 | DN61: 08:00 - 17:00 | DO61: 08:00 - 17:00 | DP61: 08:00 - 17:00 | DQ61: 08:00 - 17:00 | DR61: OFFWE | DS61: OFFWE | DT61: 08:00 - 17:00 | DU61: 08:00 - 17:00 | DV61: 08:00 - 17:00 | DW61: 08:00 - 17:00 | DX61: PH | DY61: OFFWE | DZ61: OFFWE | EA61: 08:00 - 17:00 | EB61: 08:00 - 17:00 | EC61: 08:00 - 17:00 | ED61: 08:00 - 17:00 | EE61: 08:00 - 17:00 | EF61: OFFWE | EG61: OFFWE | EH61: 08:00 - 17:00 | EI61: 08:00 - 17:00 | EJ61: 08:00 - 17:00 | EK61: PH | EL61: 08:00 - 17:00 | EM61: OFFWE | EN61: OFFWE | EO61: 08:00 - 17:00 | EP61: 08:00 - 17:00 | EQ61: 08:00 - 17:00 | ER61: 08:00 - 17:00 | ES61: 08:00 - 17:00 | ET61: OFFWE | EU61: OFFWE | EV61: PH | EW61: 08:00 - 17:00 | EX61: HAL * | EY61: 08:00 - 17:00 | EZ61: 08:00 - 17:00 | FA61: OFFWE | FB61: OFFWE | GZ61: AL | HA61: AL | HB61: AL | HC61: AL | HD61: AL | HG61: AL | HH61: AL | HI61: AL | HJ61: AL | HK61: AL | MX61: AL | MY61: AL | MZ61: AL | NA61: AL | NB61: PH | NC61: PH | ND61: OFFWE | NE61: AL | NF61: AL | NG61: AL | NH61: AL
A62: 56 | B62: 9074557 | C62: Pascal Dutz | D62: Full Time | E62: SSP | F62: SSP | G62: Delia Panaitescu | H62: SL | I62: SL | J62: SL | K62: SL | L62: SL | M62: SL | N62: SL | O62: SL | P62: SL | Q62: OFFWE | R62: OFFWE | S62: SL | T62: SL | U62: SL | V62: SL | W62: SL | X62: SL | Y62: SL | Z62: SL | AA62: SL | AB62: SL | AC62: SL | AD62: SL | AE62: OFFWE | AF62: OFFWE | AG62: 08:00 - 17:00 | AH62: 08:00 - 17:00 | AI62: SL | AJ62: SL | AK62: SL | AL62: SL | AM62: SL | AN62: SL | AO62: SL | AP62: SL | AQ62: SL | AR62: SL | AS62: SL | AT62: SL | AU62: SL | AV62: SL | AW62: SL | AX62: SL | AY62: SL | AZ62: SL | BA62: SL | BB62: SL | BC62: SL | BD62: SL | BE62: SL | BF62: SL | BG62: SL | BH62: SL | BI62: SL | BJ62: SL | BK62: SL | BL62: SL | BM62: SL | BN62: SL | BO62: SL | BP62: SL | BQ62: SL | BR62: SL | BS62: SL | BT62: SL | BU62: SL | BV62: SL | BW62: SL | BX62: SL | BY62: SL | BZ62: SL | CA62: SL | CB62: SL | CC62: SL | CD62: SL | CE62: SL | CF62: SL | CG62: SL | CH62: SL | CI62: SL | CJ62: SL | CK62: SL | CL62: SL | CM62: SL | CN62: SL | CO62: SL | CP62: SL | CQ62: SL | CR62: SL | CS62: SL | CT62: SL | CU62: SL | CV62: SL | CW62: SL | CX62: SL | CY62: SL | CZ62: SL | DA62: SL | DB62: SL | DC62: SL | DD62: OFFWE | DE62: OFFWE | DF62: SL | DG62: SL | DH62: SL | DI62: SL | DJ62: SL | DK62: OFFWE | DL62: OFFWE | DM62: SL | DN62: SL | DO62: SL | DP62: SL | DQ62: SL | DR62: OFFWE | DS62: OFFWE | DT62: SL | DU62: SL | DV62: SL | DW62: SL | DX62: SL | DY62: SL | DZ62: SL | EA62: SL | EB62: SL | EC62: SL | ED62: SL | EE62: SL | EF62: OFFWE | EG62: OFFWE | EH62: SL | EI62: SL | EJ62: SL | EK62: PH | EL62: SL | EM62: OFFWE | EN62: OFFWE | EO62: SL | EP62: SL | EQ62: SL | ER62: SL | ES62: SL | ET62: SL | EU62: SL | EV62: SL | EW62: SL | EX62: SL | EY62: SL | EZ62: 08:00 - 17:00 | FA62: OFFWE | FB62: OFFWE
A63: 57 | B63: 9074592 | C63: Victoria Scholz | D63: Full Time | E63: SSP | F63: SSP | G63: Ion Ciuceanu | H63: PH | I63: 13:00 - 22:00 | J63: OFFWE | K63: OFFWE | L63: 08:00 - 17:00 | M63: 08:00 - 17:00 | N63: 08:00 - 17:00 | O63: 08:00 - 17:00 | P63: OFF | Q63: OFFWE | R63: 07:00 - 16:00 | S63: 08:00 - 17:00 | T63: 08:00 - 17:00 | U63: 08:00 - 17:00 | V63: 08:00 - 17:00 | W63: OFF | X63: OFFWE | Y63: 07:00 - 16:00 | Z63: 08:00 - 17:00 | AA63: 08:00 - 17:00 | AB63: 08:00 - 17:00 | AC63: OFF | AD63: 08:00 - 17:00 | AE63: OFFWE | AF63: 07:00 - 16:00 | AG63: 08:00 - 17:00 | AH63: 08:00 - 17:00 | AI63: 08:00 - 17:00 | AJ63: 08:00 - 17:00 | AK63: OFF | AL63: OFFWE | AM63: OFFWE | AN63: 08:00 - 17:00 | AO63: 08:00 - 17:00 | AP63: OFF | AQ63: 08:00 - 17:00 | AR63: OFF | AS63: 22:00 - 07:00 | AT63: 22:00 - 07:00 | AU63: OFF | AV63: 08:00 - 17:00 | AW63: 08:00 - 17:00 | AX63: 08:00 - 17:00 | AY63: 08:00 - 17:00 | AZ63: OFFWE | BA63: 07:00 - 16:00 | BB63: 08:00 - 17:00 | BC63: 22:00 - 07:00 | BD63: OFF | BE63: 08:00 - 17:00 | BF63: 08:00 - 17:00 | BG63: OFFWE | BH63: OFFWE | BI63: 08:00 - 17:00 | BJ63: 08:00 - 17:00 | BK63: 08:00 - 17:00 | BL63: 08:00 - 17:00 | BM63: OFF | BN63: OFFWE | BO63: 07:00 - 16:00 | BP63: 08:00 - 17:00 | BQ63: OFF | BR63: 22:00 - 07:00 | BS63: 22:00 - 07:00 | BT63: 22:00 - 07:00 | BU63: 22:00 - 07:00 | BV63: OFFWE | BW63: 08:00 - 17:00 | BX63: 13:00 - 22:00 | BY63: 13:00 - 22:00 | BZ63: 13:00 - 22:00 | CA63: 13:00 - 22:00 | CB63: OFFWE | CC63: OFFWE | CD63: 08:00 - 17:00 | CE63: OFF | CF63: OFF | CG63: 22:00 - 07:00 | CH63: 22:00 - 07:00 | CI63: 22:00 - 07:00 | CJ63: 22:00 - 07:00 | CK63: OFF | CL63: 08:00 - 17:00 | CM63: 08:00 - 17:00 | CN63: 08:00 - 17:00 | CO63: 13:00 - 22:00 | CP63: OFFWE | CQ63: 07:00 - 16:00 | CR63: 07:00 - 16:00 | CS63: 08:00 - 17:00 | CT63: 08:00 - 17:00 | CU63: 08:00 - 17:00 | CV63: PH | CW63: OFFWE | CX63: 22:00 - 07:00 | CY63: PH | CZ63: 22:00 - 07:00 | DA63: 22:00 - 07:00 | DB63: 22:00 - 07:00 | DC63: 22:00 - 07:00 | DD63: OFFWE | DE63: OFFWE | DF63: 08:00 - 17:00 | DG63: 08:00 - 17:00 | DH63: 10:00 - 19:00 | DI63: 10:00 - 19:00 | DJ63: 10:00 - 19:00 | DK63: OFFWE | DL63: OFFWE | DM63: 13:00 - 22:00 | DN63: 22:00 - 07:00 | DO63: 22:00 - 07:00 | DP63: 22:00 - 07:00 | DQ63: OFF | DR63: OFFWE | DS63: 07:00 - 16:00 | DT63: 13:00 - 22:00 | DU63: 10:00 - 19:00 | DV63: 08:00 - 17:00 | DW63: 08:00 - 17:00 | DX63: PH | DY63: OFFWE | DZ63: 22:00 - 07:00 | EA63: 22:00 - 07:00 | EB63: 22:00 - 07:00 | EC63: 22:00 - 07:00 | ED63: 22:00 - 07:00 | EE63: OFF | EF63: OFFWE | EG63: OFFWE | EH63: 08:00 - 17:00 | EI63: 08:00 - 17:00 | EJ63: 08:00 - 17:00 | EK63: PH | EL63: 08:00 - 17:00 | EM63: OFFWE | EN63: OFFWE | EO63: 08:00 - 17:00 | EP63: 08:00 - 17:00 | EQ63: 08:00 - 17:00 | ER63: 22:00 - 07:00 | ES63: AL | ET63: OFFWE | EU63: 13:00 - 22:00 | EV63: PH | EW63: AL | EX63: AL | EY63: 08:00 - 17:00 | EZ63: 08:00 - 17:00 | FA63: OFFWE | FB63: OFFWE | FC63: 22:00 - 07:00 | FD63: 22:00 - 07:00 | FE63: 22:00 - 07:00 | FF63: 22:00 - 07:00 | FV63: 22:00 - 07:00 | FW63: 22:00 - 07:00 | FX63: 22:00 - 07:00 | FY63: 22:00 - 07:00 | FZ63: 22:00 - 07:00 | GS63: AL | GT63: AL | GU63: AL | GV63: AL | GW63: AL | GZ63: AL | HA63: AL | HB63: AL | HC63: AL | HD63: AL
A64: 58 | B64: 9122677 | C64: Dennis Obazee | D64: Part-Time | E64: SSP | F64: WIC | G64: Tobias Rossberg | H64: PH | I64: 08:00 - 13:00 | J64: OFFWE | K64: OFFWE | L64: 08:00 - 13:00 | M64: 08:00 - 13:00 | N64: SL | O64: SL | P64: SL | Q64: SL | R64: SL | S64: SL | T64: SL | U64: SL | V64: SL | W64: SL | X64: OFFWE | Y64: OFFWE | Z64: AL | AA64: AL | AB64: AL | AC64: AL | AD64: AL | AE64: OFFWE | AF64: OFFWE | AG64: AL | AH64: AL | AI64: AL | AJ64: AL | AK64: AL | AL64: OFFWE | AM64: OFFWE | AN64: AL | AO64: AL | AP64: 08:00 - 13:00 | AQ64: 08:00 - 13:00 | AR64: 08:00 - 13:00 | AS64: OFFWE | AT64: OFFWE | AU64: 08:00 - 13:00 | AV64: SL | AW64: SL | AX64: SL | AY64: 08:00 - 13:00 | AZ64: OFFWE | BA64: OFFWE | BB64: 08:00 - 13:00 | BC64: SL | BD64: SL | BE64: SL | BF64: SL | BG64: OFFWE | BH64: OFFWE | BI64: SL | BJ64: SL | BK64: SL | BL64: SL | BM64: SL | BN64: OFFWE | BO64: OFFWE | BP64: WIC 08:00 - 13:00 | BQ64: WIC 08:00 - 13:00 | BR64: 08:00 - 13:00 | BS64: 08:00 - 13:00 | BT64: 08:00 - 13:00 | BU64: OFFWE | BV64: OFFWE | BW64: WIC 08:00 - 13:00 | BX64: WIC 08:00 - 13:00 | BY64: 08:00 - 13:00 | BZ64: 08:00 - 13:00 | CA64: 08:00 - 13:00 | CB64: OFFWE | CC64: OFFWE | CD64: WIC 08:00 - 13:00 | CE64: WIC 08:00 - 13:00 | CF64: 08:00 - 13:00 | CG64: 08:00 - 13:00 | CH64: 08:00 - 13:00 | CI64: OFFWE | CJ64: OFFWE | CK64: WIC 08:00 - 13:00 | CL64: WIC 08:00 - 13:00 | CM64: SL | CN64: SL | CO64: SL | CP64: OFFWE | CQ64: OFFWE | CR64: WIC 08:00 - 13:00 | CS64: WIC 08:00 - 13:00 | CT64: 08:00 - 13:00 | CU64: 08:00 - 13:00 | CV64: PH | CW64: OFFWE | CX64: OFFWE | CY64: PH | CZ64: 08:00 - 13:00 | DA64: 08:00 - 13:00 | DB64: 08:00 - 13:00 | DC64: 08:00 - 13:00 | DD64: OFFWE | DE64: OFFWE | DF64: SL | DG64: SL | DH64: SL | DI64: SL | DJ64: SL | DK64: OFFWE | DL64: OFFWE | DM64: 08:00 - 13:00 | DN64: 08:00 - 13:00 | DO64: 08:00 - 13:00 | DP64: 08:00 - 13:00 | DQ64: 08:00 - 13:00 | DR64: OFFWE | DS64: OFFWE | DT64: 08:00 - 13:00 | DU64: 08:00 - 13:00 | DV64: 08:00 - 13:00 | DW64: 08:00 - 13:00 | DX64: PH | DY64: OFFWE | DZ64: OFFWE | EA64: 08:00 - 13:00 | EB64: SL | EC64: SL | ED64: SL | EE64: SL | EF64: OFFWE | EG64: OFFWE | EH64: SL | EI64: 08:00 - 13:00 | EJ64: 08:00 - 13:00 | EK64: PH | EL64: 08:00 - 13:00 | EM64: OFFWE | EN64: OFFWE | EO64: 08:00 - 13:00 | EP64: 08:00 - 13:00 | EQ64: 08:00 - 13:00 | ER64: 08:00 - 13:00 | ES64: 08:00 - 13:00 | ET64: OFFWE | EU64: OFFWE | EV64: PH | EW64: 08:00 - 13:00 | EX64: 08:00 - 13:00 | EY64: 08:00 - 13:00 | EZ64: 08:00 - 13:00 | FA64: OFFWE | FB64: OFFWE
A65: 59 | B65: 9074352 | C65: Burak Kurtulmaz | D65: Full Time | E65: Bulk PWs | F65: WIC | G65: Tobias Rossberg | H65: PH | I65: AL | J65: OFFWE | K65: OFFWE | L65: 07:00 - 16:00 | M65: WIC 08:00 - 17:00 | N65: 07:00 - 16:00 | O65: 07:00 - 16:00 | P65: 07:00 - 16:00 | Q65: OFFWE | R65: OFFWE | S65: 07:00 - 16:00 | T65: 07:00 - 16:00 | U65: 07:00 - 16:00 | V65: 07:00 - 16:00 | W65: 07:00 - 16:00 | X65: OFFWE | Y65: OFFWE | Z65: 07:00 - 16:00 | AA65: WIC 08:00 - 17:00 | AB65: 07:00 - 16:00 | AC65: 07:00 - 16:00 | AD65: 07:00 - 16:00 | AE65: OFFWE | AF65: OFFWE | AG65: 07:00 - 16:00 | AH65: WIC 08:00 - 17:00 | AI65: 07:00 - 16:00 | AJ65: 07:00 - 16:00 | AK65: 07:00 - 16:00 | AL65: OFFWE | AM65: OFFWE | AN65: 07:00 - 16:00 | AO65: WIC 08:00 - 17:00 | AP65: 07:00 - 16:00 | AQ65: 07:00 - 16:00 | AR65: 07:00 - 16:00 | AS65: OFFWE | AT65: OFFWE | AU65: 07:00 - 16:00 | AV65: SL | AW65: SL | AX65: SL | AY65: 07:00 - 16:00 | AZ65: OFFWE | BA65: OFFWE | BB65: 07:00 - 16:00 | BC65: WIC 08:00 - 17:00 | BD65: 07:00 - 16:00 | BE65: 07:00 - 16:00 | BF65: 07:00 - 16:00 | BG65: OFFWE | BH65: OFFWE | BI65: 07:00 - 16:00 | BJ65: WIC 08:00 - 17:00 | BK65: 07:00 - 16:00 | BL65: 07:00 - 16:00 | BM65: 07:00 - 16:00 | BN65: OFFWE | BO65: OFFWE | BP65: SL | BQ65: SL | BR65: SL | BS65: SL | BT65: SL | BU65: SL | BV65: SL | BW65: SL | BX65: SL | BY65: SL | BZ65: SL | CA65: SL | CB65: SL | CC65: SL | CD65: SL | CE65: WIC 08:00 - 17:00 | CF65: 07:00 - 16:00 | CG65: 07:00 - 16:00 | CH65: 07:00 - 16:00 | CI65: OFFWE | CJ65: OFFWE | CK65: 07:00 - 16:00 | CL65: 07:00 - 16:00 | CM65: 07:00 - 16:00 | CN65: 07:00 - 16:00 | CO65: 07:00 - 16:00 | CP65: OFFWE | CQ65: OFFWE | CR65: 07:00 - 16:00 | CS65: WIC 08:00 - 17:00 | CT65: 07:00 - 16:00 | CU65: 07:00 - 16:00 | CV65: PH | CW65: OFFWE | CX65: OFFWE | CY65: PH | CZ65: 07:00 - 16:00 | DA65: 07:00 - 16:00 | DB65: 07:00 - 16:00 | DC65: 07:00 - 16:00 | DD65: OFFWE | DE65: OFFWE | DF65: 07:00 - 16:00 | DG65: WIC 08:00 - 17:00 | DH65: 07:00 - 16:00 | DI65: 07:00 - 16:00 | DJ65: 07:00 - 16:00 | DK65: OFFWE | DL65: OFFWE | DM65: 07:00 - 16:00 | DN65: WIC 08:00 - 17:00 | DO65: 07:00 - 16:00 | DP65: 07:00 - 16:00 | DQ65: 07:00 - 16:00 | DR65: OFFWE | DS65: OFFWE | DT65: 07:00 - 16:00 | DU65: WIC 08:00 - 17:00 | DV65: 07:00 - 16:00 | DW65: 07:00 - 16:00 | DX65: PH | DY65: OFFWE | DZ65: OFFWE | EA65: 07:00 - 16:00 | EB65: WIC 08:00 - 17:00 | EC65: 07:00 - 16:00 | ED65: 07:00 - 16:00 | EE65: 07:00 - 16:00 | EF65: OFFWE | EG65: OFFWE | EH65: 07:00 - 16:00 | EI65: WIC 08:00 - 17:00 | EJ65: 07:00 - 16:00 | EK65: PH | EL65: 07:00 - 16:00 | EM65: OFFWE | EN65: OFFWE | EO65: 07:00 - 16:00 | EP65: WIC 08:00 - 17:00 | EQ65: 07:00 - 16:00 | ER65: 07:00 - 16:00 | ES65: 07:00 - 16:00 | ET65: OFFWE | EU65: OFFWE | EV65: PH | EW65: WIC 08:00 - 17:00 | EX65: 07:00 - 16:00 | EY65: 07:00 - 16:00 | EZ65: 07:00 - 16:00 | FA65: OFFWE | FB65: OFFWE
A66: 60 | B66: 9075030 | C66: Kevin Haska | D66: Full Time | E66: Booking Tool | F66: VWIC | G66: Delia Panaitescu | H66: PH | I66: 07:00 - 16:00 | J66: OFFWE | K66: OFFWE | L66: 07:00 - 16:00 | M66: 07:00 - 16:00 | N66: 07:00 - 16:00 | O66: 07:00 - 16:00 | P66: 07:00 - 16:00 | Q66: OFFWE | R66: OFFWE | S66: 07:00 - 16:00 | T66: 07:00 - 16:00 | U66: 07:00 - 16:00 | V66: 07:00 - 16:00 | W66: 07:00 - 16:00 | X66: OFFWE | Y66: OFFWE | Z66: 07:00 - 16:00 | AA66: 07:00 - 16:00 | AB66: 07:00 - 16:00 | AC66: 07:00 - 16:00 | AD66: 07:00 - 16:00 | AE66: OFFWE | AF66: OFFWE | AG66: 07:00 - 16:00 | AH66: 07:00 - 16:00 | AI66: 07:00 - 16:00 | AJ66: 07:00 - 16:00 | AK66: 07:00 - 16:00 | AL66: OFFWE | AM66: OFFWE | AN66: 07:00 - 16:00 | AO66: 07:00 - 16:00 | AP66: 07:00 - 16:00 | AQ66: 07:00 - 16:00 | AR66: 07:00 - 16:00 | AS66: OFFWE | AT66: OFFWE | AU66: 07:00 - 16:00 | AV66: 07:00 - 16:00 | AW66: 07:00 - 16:00 | AX66: 07:00 - 16:00 | AY66: 07:00 - 16:00 | AZ66: OFFWE | BA66: OFFWE | BB66: 07:00 - 16:00 | BC66: 07:00 - 16:00 | BD66: 07:00 - 16:00 | BE66: 07:00 - 16:00 | BF66: 07:00 - 16:00 | BG66: OFFWE | BH66: OFFWE | BI66: 07:00 - 16:00 | BJ66: 07:00 - 16:00 | BK66: 07:00 - 16:00 | BL66: 07:00 - 16:00 | BM66: 07:00 - 16:00 | BN66: OFFWE | BO66: OFFWE | BP66: 07:00 - 16:00 | BQ66: 07:00 - 16:00 | BR66: 07:00 - 16:00 | BS66: 07:00 - 16:00 | BT66: 07:00 - 16:00 | BU66: OFFWE | BV66: OFFWE | BW66: 07:00 - 16:00 | BX66: 07:00 - 16:00 | BY66: 07:00 - 16:00 | BZ66: 07:00 - 16:00 | CA66: 07:00 - 16:00 | CB66: OFFWE | CC66: OFFWE | CD66: 07:00 - 16:00 | CE66: 07:00 - 16:00 | CF66: 07:00 - 16:00 | CG66: 07:00 - 16:00 | CH66: 07:00 - 16:00 | CI66: OFFWE | CJ66: OFFWE | CK66: 07:00 - 16:00 | CL66: 07:00 - 16:00 | CM66: 07:00 - 16:00 | CN66: 07:00 - 16:00 | CO66: 07:00 - 16:00 | CP66: OFFWE | CQ66: OFFWE | CR66: 07:00 - 16:00 | CS66: 07:00 - 16:00 | CT66: 07:00 - 16:00 | CU66: 07:00 - 16:00 | CV66: PH | CW66: OFFWE | CX66: OFFWE | CY66: PH | CZ66: 07:00 - 16:00 | DA66: 07:00 - 16:00 | DB66: 07:00 - 16:00 | DC66: 07:00 - 16:00 | DD66: OFFWE | DE66: OFFWE | DF66: 07:00 - 16:00 | DG66: 07:00 - 16:00 | DH66: 07:00 - 16:00 | DI66: 07:00 - 16:00 | DJ66: 07:00 - 16:00 | DK66: OFFWE | DL66: OFFWE | DM66: AL | DN66: AL | DO66: AL | DP66: AL | DQ66: AL | DR66: OFFWE | DS66: OFFWE | DT66: 07:00 - 16:00 | DU66: 07:00 - 16:00 | DV66: 07:00 - 16:00 | DW66: 07:00 - 16:00 | DX66: PH | DY66: OFFWE | DZ66: OFFWE | EA66: 07:00 - 16:00 | EB66: 07:00 - 16:00 | EC66: 07:00 - 16:00 | ED66: 07:00 - 16:00 | EE66: 07:00 - 16:00 | EF66: OFFWE | EG66: OFFWE | EH66: 07:00 - 16:00 | EI66: 07:00 - 16:00 | EJ66: 07:00 - 16:00 | EK66: PH | EL66: 07:00 - 16:00 | EM66: OFFWE | EN66: OFFWE | EO66: 07:00 - 16:00 | EP66: 07:00 - 16:00 | EQ66: 07:00 - 16:00 | ER66: 07:00 - 16:00 | ES66: 07:00 - 16:00 | ET66: OFFWE | EU66: OFFWE | EV66: PH | EW66: 07:00 - 16:00 | EX66: 07:00 - 16:00 | EY66: 07:00 - 16:00 | EZ66: 07:00 - 16:00 | FA66: OFFWE | FB66: OFFWE | FC66: AL | FD66: AL | FE66: AL | FF66: PH | FG66: AL | FJ66: AL | FK66: AL | FL66: AL | FM66: AL | FN66: AL | GM66: AL | GN66: AL | GO66: AL
A67: 61 | B67: 9074519 | C67: Jessica Schlicht | D67: Full Time | E67: SME | F67: SME | G67: Ion Ciuceanu | H67: PH | I67: 08:00 - 17:00 | J67: OFFWE | K67: OFFWE | L67: 08:00 - 17:00 | M67: 08:00 - 17:00 | N67: 08:00 - 17:00 | O67: 08:00 - 17:00 | P67: 08:00 - 17:00 | Q67: OFFWE | R67: OFFWE | S67: 08:00 - 17:00 | T67: 08:00 - 17:00 | U67: 08:00 - 17:00 | V67: 08:00 - 17:00 | W67: 08:00 - 17:00 | X67: OFFWE | Y67: OFFWE | Z67: 08:00 - 17:00 | AA67: 08:00 - 17:00 | AB67: 08:00 - 17:00 | AC67: 08:00 - 17:00 | AD67: 08:00 - 17:00 | AE67: OFFWE | AF67: OFFWE | AG67: 08:00 - 17:00 | AH67: 08:00 - 17:00 | AI67: 08:00 - 17:00 | AJ67: 08:00 - 17:00 | AK67: 08:00 - 17:00 | AL67: OFFWE | AM67: OFFWE | AN67: 08:00 - 17:00 | AO67: 08:00 - 17:00 | AP67: 08:00 - 17:00 | AQ67: 08:00 - 17:00 | AR67: 08:00 - 17:00 | AS67: OFFWE | AT67: OFFWE | AU67: 08:00 - 17:00 | AV67: 08:00 - 17:00 | AW67: 08:00 - 17:00 | AX67: 08:00 - 17:00 | AY67: 08:00 - 17:00 | AZ67: OFFWE | BA67: OFFWE | BB67: 08:00 - 17:00 | BC67: 08:00 - 17:00 | BD67: 08:00 - 17:00 | BE67: 08:00 - 17:00 | BF67: 08:00 - 17:00 | BG67: OFFWE | BH67: OFFWE | BI67: 08:00 - 17:00 | BJ67: 08:00 - 17:00 | BK67: 08:00 - 17:00 | BL67: 08:00 - 17:00 | BM67: 08:00 - 17:00 | BN67: OFFWE | BO67: OFFWE | BP67: 08:00 - 17:00 | BQ67: 08:00 - 17:00 | BR67: 08:00 - 17:00 | BS67: 08:00 - 17:00 | BT67: 08:00 - 17:00 | BU67: OFFWE | BV67: OFFWE | BW67: 08:00 - 17:00 | BX67: 08:00 - 17:00 | BY67: 08:00 - 17:00 | BZ67: HAL * | CA67: 08:00 - 17:00 | CB67: OFFWE | CC67: OFFWE | CD67: 08:00 - 17:00 | CE67: 08:00 - 17:00 | CF67: 08:00 - 17:00 | CG67: 08:00 - 17:00 | CH67: 08:00 - 17:00 | CI67: OFFWE | CJ67: OFFWE | CK67: 08:00 - 17:00 | CL67: 08:00 - 17:00 | CM67: 08:00 - 17:00 | CN67: 08:00 - 17:00 | CO67: 08:00 - 17:00 | CP67: OFFWE | CQ67: OFFWE | CR67: 08:00 - 17:00 | CS67: 08:00 - 17:00 | CT67: 08:00 - 17:00 | CU67: 08:00 - 17:00 | CV67: PH | CW67: OFFWE | CX67: OFFWE | CY67: PH | CZ67: 08:00 - 17:00 | DA67: 08:00 - 17:00 | DB67: 08:00 - 17:00 | DC67: 08:00 - 17:00 | DD67: OFFWE | DE67: OFFWE | DF67: 08:00 - 17:00 | DG67: 08:00 - 17:00 | DH67: 08:00 - 17:00 | DI67: 08:00 - 17:00 | DJ67: 08:00 - 17:00 | DK67: OFFWE | DL67: OFFWE | DM67: 08:00 - 17:00 | DN67: 08:00 - 17:00 | DO67: 08:00 - 17:00 | DP67: 08:00 - 17:00 | DQ67: 08:00 - 17:00 | DR67: OFFWE | DS67: OFFWE | DT67: 08:00 - 17:00 | DU67: 08:00 - 17:00 | DV67: 08:00 - 17:00 | DW67: 08:00 - 17:00 | DX67: 08:00 - 17:00 | DY67: OFFWE | DZ67: OFFWE | EA67: 08:00 - 17:00 | EB67: 08:00 - 17:00 | EC67: 08:00 - 17:00 | ED67: 08:00 - 17:00 | EE67: 08:00 - 17:00 | EF67: OFFWE | EG67: OFFWE | EH67: 08:00 - 17:00 | EI67: 08:00 - 17:00 | EJ67: 08:00 - 17:00 | EK67: PH | EL67: 08:00 - 17:00 | EM67: OFFWE | EN67: OFFWE | EO67: 08:00 - 17:00 | EP67: 08:00 - 17:00 | EQ67: 08:00 - 17:00 | ER67: 08:00 - 17:00 | ES67: 08:00 - 17:00 | ET67: OFFWE | EU67: OFFWE | EV67: PH | EW67: 08:00 - 17:00 | EX67: 08:00 - 17:00 | EY67: 08:00 - 17:00 | EZ67: 08:00 - 17:00 | FA67: OFFWE | FB67: OFFWE
A68: 62 | B68: 9085138 | C68: Christoph Ulatowski | D68: Full Time | E68: SME | F68: WIC | G68: Ion Ciuceanu | H68: PH | I68: AL | J68: OFFWE | K68: OFFWE | L68: 08:00 - 17:00 | M68: 08:00 - 17:00 | N68: WIC 08:00 - 17:00 | O68: 08:00 - 17:00 | P68: 08:00 - 17:00 | Q68: OFFWE | R68: OFFWE | S68: AL | T68: 08:00 - 17:00 | U68: WIC 08:00 - 17:00 | V68: 08:00 - 17:00 | W68: 08:00 - 17:00 | X68: OFFWE | Y68: OFFWE | Z68: 08:00 - 17:00 | AA68: 08:00 - 17:00 | AB68: WIC 08:00 - 17:00 | AC68: 08:00 - 17:00 | AD68: 08:00 - 17:00 | AE68: OFFWE | AF68: OFFWE | AG68: AL | AH68: 08:00 - 17:00 | AI68: WIC 08:00 - 17:00 | AJ68: 08:00 - 17:00 | AK68: 08:00 - 17:00 | AL68: OFFWE | AM68: OFFWE | AN68: 08:00 - 17:00 | AO68: 08:00 - 17:00 | AP68: WIC 08:00 - 17:00 | AQ68: 08:00 - 17:00 | AR68: 08:00 - 17:00 | AS68: OFFWE | AT68: OFFWE | AU68: AL | AV68: 08:00 - 17:00 | AW68: WIC 08:00 - 17:00 | AX68: 08:00 - 17:00 | AY68: 08:00 - 17:00 | AZ68: OFFWE | BA68: OFFWE | BB68: 08:00 - 17:00 | BC68: 08:00 - 17:00 | BD68: WIC 08:00 - 17:00 | BE68: 08:00 - 17:00 | BF68: 08:00 - 17:00 | BG68: OFFWE | BH68: OFFWE | BI68: AL | BJ68: 08:00 - 17:00 | BK68: WIC 08:00 - 17:00 | BL68: 08:00 - 17:00 | BM68: 08:00 - 17:00 | BN68: OFFWE | BO68: OFFWE | BP68: 08:00 - 17:00 | BQ68: 08:00 - 17:00 | BR68: WIC 08:00 - 17:00 | BS68: 08:00 - 17:00 | BT68: 08:00 - 17:00 | BU68: OFFWE | BV68: OFFWE | BW68: AL | BX68: 08:00 - 17:00 | BY68: 08:00 - 17:00 | BZ68: 08:00 - 17:00 | CA68: 08:00 - 17:00 | CB68: OFFWE | CC68: OFFWE | CD68: 08:00 - 17:00 | CE68: 08:00 - 17:00 | CF68: 08:00 - 17:00 | CG68: 08:00 - 17:00 | CH68: 08:00 - 17:00 | CI68: OFFWE | CJ68: OFFWE | CK68: AL | CL68: 08:00 - 17:00 | CM68: 08:00 - 17:00 | CN68: 08:00 - 17:00 | CO68: 08:00 - 17:00 | CP68: OFFWE | CQ68: OFFWE | CR68: AL | CS68: AL | CT68: AL | CU68: AL | CV68: PH | CW68: OFFWE | CX68: OFFWE | CY68: PH | CZ68: 08:00 - 17:00 | DA68: 08:00 - 17:00 | DB68: 08:00 - 17:00 | DC68: 08:00 - 17:00 | DD68: OFFWE | DE68: OFFWE | DF68: 08:00 - 17:00 | DG68: 08:00 - 17:00 | DH68: 08:00 - 17:00 | DI68: 08:00 - 17:00 | DJ68: 08:00 - 17:00 | DK68: OFFWE | DL68: OFFWE | DM68: 08:00 - 17:00 | DN68: 08:00 - 17:00 | DO68: 08:00 - 17:00 | DP68: 08:00 - 17:00 | DQ68: 08:00 - 17:00 | DR68: OFFWE | DS68: OFFWE | DT68: 08:00 - 17:00 | DU68: 08:00 - 17:00 | DV68: 08:00 - 17:00 | DW68: 08:00 - 17:00 | DX68: 08:00 - 17:00 | DY68: OFFWE | DZ68: OFFWE | EA68: 08:00 - 17:00 | EB68: 08:00 - 17:00 | EC68: 08:00 - 17:00 | ED68: 08:00 - 17:00 | EE68: 08:00 - 17:00 | EF68: OFFWE | EG68: OFFWE | EH68: 08:00 - 17:00 | EI68: 08:00 - 17:00 | EJ68: 08:00 - 17:00 | EK68: PH | EL68: CD | EM68: OFFWE | EN68: OFFWE | EO68: 08:00 - 17:00 | EP68: 08:00 - 17:00 | EQ68: 08:00 - 17:00 | ER68: 08:00 - 17:00 | ES68: 08:00 - 17:00 | ET68: OFFWE | EU68: OFFWE | EV68: PH | EW68: 08:00 - 17:00 | EX68: 08:00 - 17:00 | EY68: 08:00 - 17:00 | EZ68: 08:00 - 17:00 | FA68: OFFWE | FB68: OFFWE
A69: 63 | B69: 9074466 | C69: Stojnic Nebojsa | D69: Full Time | E69: SME | F69: WIC | G69: Ion Ciuceanu | H69: PH | I69: 08:00 - 17:00 | J69: OFFWE | K69: OFFWE | L69: 08:00 - 17:00 | M69: 08:00 - 17:00 | N69: AL | O69: 08:00 - 17:00 | P69: 08:00 - 17:00 | Q69: OFFWE | R69: OFFWE | S69: 08:00 - 17:00 | T69: 08:00 - 17:00 | U69: 08:00 - 17:00 | V69: 08:00 - 17:00 | W69: 08:00 - 17:00 | X69: OFFWE | Y69: OFFWE | Z69: 08:00 - 17:00 | AA69: 08:00 - 17:00 | AB69: 08:00 - 17:00 | AC69: 08:00 - 17:00 | AD69: 08:00 - 17:00 | AE69: OFFWE | AF69: OFFWE | AG69: 08:00 - 17:00 | AH69: 08:00 - 17:00 | AI69: 08:00 - 17:00 | AJ69: 08:00 - 17:00 | AK69: 08:00 - 17:00 | AL69: OFFWE | AM69: OFFWE | AN69: 08:00 - 17:00 | AO69: 08:00 - 17:00 | AP69: 08:00 - 17:00 | AQ69: 08:00 - 17:00 | AR69: 08:00 - 17:00 | AS69: OFFWE | AT69: OFFWE | AU69: 08:00 - 17:00 | AV69: 08:00 - 17:00 | AW69: 08:00 - 17:00 | AX69: 08:00 - 17:00 | AY69: 08:00 - 17:00 | AZ69: OFFWE | BA69: OFFWE | BB69: 08:00 - 17:00 | BC69: 08:00 - 17:00 | BD69: 08:00 - 17:00 | BE69: WIC 08:00 - 17:00 | BF69: 08:00 - 17:00 | BG69: OFFWE | BH69: OFFWE | BI69: 08:00 - 17:00 | BJ69: 08:00 - 17:00 | BK69: 08:00 - 17:00 | BL69: 08:00 - 17:00 | BM69: 08:00 - 17:00 | BN69: OFFWE | BO69: OFFWE | BP69: 08:00 - 17:00 | BQ69: 08:00 - 17:00 | BR69: 08:00 - 17:00 | BS69: 08:00 - 17:00 | BT69: 08:00 - 17:00 | BU69: OFFWE | BV69: OFFWE | BW69: 08:00 - 17:00 | BX69: 08:00 - 17:00 | BY69: 08:00 - 17:00 | BZ69: 08:00 - 17:00 | CA69: 08:00 - 17:00 | CB69: OFFWE | CC69: OFFWE | CD69: 08:00 - 17:00 | CE69: 08:00 - 17:00 | CF69: 08:00 - 17:00 | CG69: 08:00 - 17:00 | CH69: 08:00 - 17:00 | CI69: OFFWE | CJ69: OFFWE | CK69: 08:00 - 17:00 | CL69: 08:00 - 17:00 | CM69: 08:00 - 17:00 | CN69: 08:00 - 17:00 | CO69: 08:00 - 17:00 | CP69: OFFWE | CQ69: OFFWE | CR69: 08:00 - 17:00 | CS69: 08:00 - 17:00 | CT69: 08:00 - 17:00 | CU69: 08:00 - 17:00 | CV69: PH | CW69: OFFWE | CX69: OFFWE | CY69: PH | CZ69: AL | DA69: AL | DB69: AL | DC69: 08:00 - 17:00 | DD69: OFFWE | DE69: OFFWE | DF69: 08:00 - 17:00 | DG69: 08:00 - 17:00 | DH69: 08:00 - 17:00 | DI69: 08:00 - 17:00 | DJ69: 08:00 - 17:00 | DK69: OFFWE | DL69: OFFWE | DM69: 08:00 - 17:00 | DN69: 08:00 - 17:00 | DO69: 08:00 - 17:00 | DP69: 08:00 - 17:00 | DQ69: 08:00 - 17:00 | DR69: OFFWE | DS69: OFFWE | DT69: 08:00 - 17:00 | DU69: 08:00 - 17:00 | DV69: 08:00 - 17:00 | DW69: 08:00 - 17:00 | DX69: PH | DY69: OFFWE | DZ69: OFFWE | EA69: 08:00 - 17:00 | EB69: 08:00 - 17:00 | EC69: 08:00 - 17:00 | ED69: 08:00 - 17:00 | EE69: 08:00 - 17:00 | EF69: OFFWE | EG69: OFFWE | EH69: 08:00 - 17:00 | EI69: 08:00 - 17:00 | EJ69: 08:00 - 17:00 | EK69: PH | EL69: 08:00 - 17:00 | EM69: OFFWE | EN69: OFFWE | EO69: 08:00 - 17:00 | EP69: 08:00 - 17:00 | EQ69: 08:00 - 17:00 | ER69: 08:00 - 17:00 | ES69: 08:00 - 17:00 | ET69: OFFWE | EU69: OFFWE | EV69: PH | EW69: 08:00 - 17:00 | EX69: 08:00 - 17:00 | EY69: 08:00 - 17:00 | EZ69: 08:00 - 17:00 | FA69: OFFWE | FB69: OFFWE | FM69: WIC 08:00 - 17:00 | FT69: WIC 08:00 - 17:00 | HP69: AL | HQ69: AL | HR69: AL | HU69: AL | HV69: AL | HW69: AL | HX69: AL | HY69: AL | IB69: AL | IC69: AL | ID69: AL | IE69: AL | IF69: AL | II69: AL | IJ69: AL | IK69: AL | IL69: AL | IM69: AL | IP69: AL | IZ69: WIC 08:00 - 17:00 | JG69: WIC 08:00 - 17:00 | JN69: WIC 08:00 - 17:00
A70: 64 | B70: 9074526 | C70: Kevin Heynen | D70: Full Time | E70: Dispatcher | F70: WIC | G70: Oliver Schleusen | H70: PH | I70: 07:00 - 16:00 | J70: OFFWE | K70: OFFWE | L70: 07:00 - 16:00 | M70: 07:00 - 16:00 | N70: WIC 08:00 - 17:00 | O70: WIC 08:00 - 17:00 | P70: WIC 08:00 - 17:00 | Q70: OFFWE | R70: OFFWE | S70: 07:00 - 16:00 | T70: 07:00 - 16:00 | U70: AL | V70: AL | W70: AL | X70: OFFWE | Y70: OFFWE | Z70: SL | AA70: 07:00 - 16:00 | AB70: 07:00 - 16:00 | AC70: 07:00 - 16:00 | AD70: 08:00 - 17:00 | AE70: OFFWE | AF70: OFFWE | AG70: WIC 08:00 - 17:00 | AH70: WIC 08:00 - 17:00 | AI70: WIC 08:00 - 17:00 | AJ70: WIC 08:00 - 17:00 | AK70: WIC 08:00 - 17:00 | AL70: OFFWE | AM70: OFFWE | AN70: WIC 08:00 - 17:00 | AO70: WIC 08:00 - 17:00 | AP70: WIC 08:00 - 17:00 | AQ70: WIC 08:00 - 17:00 | AR70: WIC 08:00 - 17:00 | AS70: OFFWE | AT70: OFFWE | AU70: SL | AV70: SL | AW70: SL | AX70: SL | AY70: SL | AZ70: OFFWE | BA70: OFFWE | BB70: 07:00 - 16:00 | BC70: 07:00 - 16:00 | BD70: 07:00 - 16:00 | BE70: 08:00 - 17:00 | BF70: 07:00 - 16:00 | BG70: OFFWE | BH70: OFFWE | BI70: 08:00 - 17:00 | BJ70: 07:00 - 16:00 | BK70: 07:00 - 16:00 | BL70: 07:00 - 16:00 | BM70: 07:00 - 16:00 | BN70: OFFWE | BO70: OFFWE | BP70: WIC 07:30 - 16:30 | BQ70: 07:00 - 16:00 | BR70: 07:00 - 16:00 | BS70: 07:00 - 16:00 | BT70: 07:00 - 16:00 | BU70: OFFWE | BV70: OFFWE | BW70: 07:00 - 16:00 | BX70: 07:00 - 16:00 | BY70: AL | BZ70: AL | CA70: AL | CB70: OFFWE | CC70: OFFWE | CD70: 07:00 - 16:00 | CE70: 07:00 - 16:00 | CF70: 07:00 - 16:00 | CG70: 07:00 - 16:00 | CH70: SL | CI70: OFFWE | CJ70: OFFWE | CK70: SL | CL70: SL | CM70: SL | CN70: 07:00 - 16:00 | CO70: 07:00 - 16:00 | CP70: OFFWE | CQ70: OFFWE | CR70: 07:00 - 16:00 | CS70: 07:00 - 16:00 | CT70: 07:00 - 16:00 | CU70: 07:00 - 16:00 | CV70: PH | CW70: OFFWE | CX70: OFFWE | CY70: PH | CZ70: 07:00 - 16:00 | DA70: 07:00 - 16:00 | DB70: WIC 07:30 - 16:30 | DC70: 07:00 - 16:00 | DD70: OFFWE | DE70: OFFWE | DF70: 07:00 - 16:00 | DG70: 07:00 - 16:00 | DH70: 07:00 - 16:00 | DI70: 07:00 - 16:00 | DJ70: 07:00 - 16:00 | DK70: OFFWE | DL70: OFFWE | DM70: 07:00 - 16:00 | DN70: HAL * | DO70: 07:00 - 16:00 | DP70: 07:00 - 16:00 | DQ70: 07:00 - 16:00 | DR70: OFFWE | DS70: OFFWE | DT70: 07:00 - 16:00 | DU70: 07:00 - 16:00 | DV70: AL | DW70: AL | DX70: PH | DY70: OFFWE | DZ70: OFFWE | EA70: 07:00 - 16:00 | EB70: 07:00 - 16:00 | EC70: 07:00 - 16:00 | ED70: 07:00 - 16:00 | EE70: 07:00 - 16:00 | EF70: OFFWE | EG70: OFFWE | EH70: 07:00 - 16:00 | EI70: 07:00 - 16:00 | EJ70: 07:00 - 16:00 | EK70: PH | EL70: AL | EM70: OFFWE | EN70: OFFWE | EO70: 07:00 - 16:00 | EP70: 07:00 - 16:00 | EQ70: 07:00 - 16:00 | ER70: 07:00 - 16:00 | ES70: 07:00 - 16:00 | ET70: OFFWE | EU70: OFFWE | EV70: PH | EW70: 07:00 - 16:00 | EX70: 07:00 - 16:00 | EY70: 07:00 - 16:00 | EZ70: 07:00 - 16:00 | FA70: OFFWE | FB70: OFFWE | FG70: 07:00 - 16:00
A71: 65 | B71: 9090513 | C71: Michael Holz | D71: Full Time | E71: Dispatcher | F71: WIC | G71: Karlo Coric | H71: PH | I71: AL | J71: OFFWE | K71: OFFWE | L71: AL | M71: AL | N71: AL | O71: AL | P71: AL | Q71: OFFWE | R71: OFFWE | S71: 08:00 - 17:00 | T71: 08:00 - 17:00 | U71: 07:00 - 16:00 | V71: 07:00 - 16:00 | W71: 07:00 - 16:00 | X71: OFFWE | Y71: OFFWE | Z71: 07:00 - 16:00 | AA71: 07:00 - 16:00 | AB71: 07:00 - 16:00 | AC71: 08:00 - 17:00 | AD71: 08:00 - 17:00 | AE71: OFFWE | AF71: OFFWE | AG71: 07:00 - 16:00 | AH71: 07:00 - 16:00 | AI71: 08:00 - 17:00 | AJ71: 07:00 - 16:00 | AK71: 07:00 - 16:00 | AL71: OFFWE | AM71: OFFWE | AN71: Rollout 08:00 - 17:00 | AO71: Rollout 08:00 - 17:00 | AP71: Rollout 08:00 - 17:00 | AQ71: Rollout 08:00 - 17:00 | AR71: Rollout 08:00 - 17:00 | AS71: OFFWE | AT71: OFFWE | AU71: Rollout 08:00 - 17:00 | AV71: Rollout 08:00 - 17:00 | AW71: Rollout 08:00 - 17:00 | AX71: Rollout 08:00 - 17:00 | AY71: Rollout 08:00 - 17:00 | AZ71: OFFWE | BA71: OFFWE | BB71: Rollout 08:00 - 17:00 | BC71: Rollout 08:00 - 17:00 | BD71: SL | BE71: SL | BF71: SL | BG71: OFFWE | BH71: OFFWE | BI71: Rollout 08:00 - 17:00 | BJ71: Rollout 08:00 - 17:00 | BK71: Rollout 08:00 - 17:00 | BL71: Rollout 08:00 - 17:00 | BM71: Rollout 08:00 - 17:00 | BN71: OFFWE | BO71: OFFWE | BP71: Rollout 08:00 - 17:00 | BQ71: Rollout 08:00 - 17:00 | BR71: Rollout 08:00 - 17:00 | BS71: Rollout 08:00 - 17:00 | BT71: Rollout 08:00 - 17:00 | BU71: OFFWE | BV71: OFFWE | BW71: Rollout 08:00 - 17:00 | BX71: Rollout 08:00 - 17:00 | BY71: Rollout 08:00 - 17:00 | BZ71: Rollout 08:00 - 17:00 | CA71: Rollout 08:00 - 17:00 | CB71: OFFWE | CC71: OFFWE | CD71: Rollout 08:00 - 17:00 | CE71: Rollout 08:00 - 17:00 | CF71: Rollout 08:00 - 17:00 | CG71: Rollout 08:00 - 17:00 | CH71: Rollout 08:00 - 17:00 | CI71: OFFWE | CJ71: OFFWE | CK71: Rollout 08:00 - 17:00 | CL71: Rollout 08:00 - 17:00 | CM71: Rollout 08:00 - 17:00 | CN71: Rollout 08:00 - 17:00 | CO71: Rollout 08:00 - 17:00 | CP71: OFFWE | CQ71: OFFWE | CR71: Rollout 08:00 - 17:00 | CS71: Rollout 08:00 - 17:00 | CT71: Rollout 08:00 - 17:00 | CU71: Rollout 08:00 - 17:00 | CV71: PH | CW71: OFFWE | CX71: OFFWE | CY71: PH | CZ71: Rollout 08:00 - 17:00 | DA71: Rollout 08:00 - 17:00 | DB71: Rollout 08:00 - 17:00 | DC71: Rollout 08:00 - 17:00 | DD71: OFFWE | DE71: OFFWE | DF71: Rollout 08:00 - 17:00 | DG71: Rollout 08:00 - 17:00 | DH71: Rollout 08:00 - 17:00 | DI71: Rollout 08:00 - 17:00 | DJ71: Rollout 08:00 - 17:00 | DK71: OFFWE | DL71: OFFWE | DM71: 08:00 - 17:00 | DN71: 08:00 - 17:00 | DO71: 08:00 - 17:00 | DP71: 08:00 - 17:00 | DQ71: 08:00 - 17:00 | DR71: OFFWE | DS71: OFFWE | DT71: 08:00 - 17:00 | DU71: 08:00 - 17:00 | DV71: 08:00 - 17:00 | DW71: 08:00 - 17:00 | DX71: PH | DY71: OFFWE | DZ71: OFFWE | EA71: 08:00 - 17:00 | EB71: 08:00 - 17:00 | EC71: 08:00 - 17:00 | ED71: 08:00 - 17:00 | EE71: 08:00 - 17:00 | EF71: OFFWE | EG71: OFFWE | EH71: 08:00 - 17:00 | EI71: 08:00 - 17:00 | EJ71: 08:00 - 17:00 | EK71: PH | EL71: 08:00 - 17:00 | EM71: OFFWE | EN71: OFFWE | EO71: 08:00 - 17:00 | EP71: 08:00 - 17:00 | EQ71: 08:00 - 17:00 | ER71: 08:00 - 17:00 | ES71: 08:00 - 17:00 | ET71: OFFWE | EU71: OFFWE | EV71: PH | EW71: AL | EX71: AL | EY71: AL | EZ71: AL | FA71: OFFWE | FB71: OFFWE | FC71: AL | FD71: AL | FE71: AL | FF71: LPH | FG71: AL | FH71: OFFWE | FI71: OFFWE | FJ71: AL | FK71: AL | FO71: OFFWE | FP71: OFFWE | GZ71: AL | HA71: AL | HB71: AL | HC71: AL | HD71: AL | HG71: AL | HH71: AL | HN71: AL | HO71: AL | HP71: AL | HQ71: AL | HR71: AL
A72: 66 | B72: 9074348 | C72: Asal Wardaastiani Azar | D72: Full Time | E72: Dispatcher | F72: Dispatcher | G72: Ion Ciuceanu | H72: PH | I72: CD | J72: 13:00 - 22:00 | K72: 13:00 - 22:00 | L72: OFF | M72: 06:00 - 15:00 | N72: 06:00 - 15:00 | O72: 06:00 - 15:00 | P72: 13:00 - 22:00 | Q72: OFFWE | R72: OFFWE | S72: SL | T72: SL | U72: SL | V72: SL | W72: OFF | X72: 22:00 - 07:00 | Y72: 22:00 - 07:00 | Z72: 22:00 - 07:00 | AA72: 22:00 - 07:00 | AB72: 22:00 - 07:00 | AC72: OFF | AD72: OFF | AE72: 13:00 - 22:00 | AF72: 13:00 - 22:00 | AG72: 13:00 - 22:00 | AH72: OFF | AI72: 06:00 - 15:00 | AJ72: 06:00 - 15:00 | AK72: 06:00 - 15:00 | AL72: 13:00 - 22:00 | AM72: OFFWE | AN72: 22:00 - 07:00 | AO72: 22:00 - 07:00 | AP72: 22:00 - 07:00 | AQ72: 22:00 - 07:00 | AR72: 22:00 - 07:00 | AS72: OFFWE | AT72: OFFWE | AU72: 06:00 - 15:00 | AV72: 06:00 - 15:00 | AW72: 06:00 - 15:00 | AX72: 06:00 - 15:00 | AY72: 06:00 - 15:00 | AZ72: OFFWE | BA72: OFFWE | BB72: 06:00 - 15:00 | BC72: 06:00 - 15:00 | BD72: 06:00 - 15:00 | BE72: OFF | BF72: 06:00 - 15:00 | BG72: OFFWE | BH72: 13:00 - 22:00 | BI72: 22:00 - 07:00 | BJ72: 22:00 - 07:00 | BK72: 22:00 - 07:00 | BL72: 22:00 - 07:00 | BM72: OFF | BN72: OFFWE | BO72: 13:00 - 22:00 | BP72: OFF | BQ72: 08:00 - 17:00 | BR72: 08:00 - 17:00 | BS72: 08:00 - 17:00 | BT72: * HSL | BU72: OFFWE | BV72: OFFWE | BW72: 08:00 - 17:00 | BX72: 08:00 - 17:00 | BY72: 08:00 - 17:00 | BZ72: 08:00 - 17:00 | CA72: 08:00 - 17:00 | CB72: OFFWE | CC72: OFFWE | CD72: 08:00 - 17:00 | CE72: 08:00 - 17:00 | CF72: 07:00 - 16:00 | CG72: 07:00 - 16:00 | CH72: 07:00 - 16:00 | CI72: OFFWE | CJ72: OFFWE | CK72: 08:00 - 17:00 | CL72: 07:00 - 16:00 | CM72: SL | CN72: SL | CO72: SL | CP72: OFFWE | CQ72: OFFWE | CR72: SL | CS72: SL | CT72: SL | CU72: 07:00 - 16:00 | CV72: PH | CW72: OFFWE | CX72: OFFWE | CY72: PH | CZ72: 07:00 - 16:00 | DA72: 07:00 - 16:00 | DB72: 07:00 - 16:00 | DC72: 07:00 - 16:00 | DD72: OFFWE | DE72: OFFWE | DF72: 07:00 - 16:00 | DG72: SL | DH72: SL | DI72: SL | DJ72: SL | DK72: OFFWE | DL72: OFFWE | DM72: 08:00 - 17:00 | DN72: 08:00 - 17:00 | DO72: 08:00 - 17:00 | DP72: 08:00 - 17:00 | DQ72: 08:00 - 17:00 | DR72: OFFWE | DS72: OFFWE | DT72: 08:00 - 17:00 | DU72: 08:00 - 17:00 | DV72: 08:00 - 17:00 | DW72: 08:00 - 17:00 | DX72: PH | DY72: OFFWE | DZ72: OFFWE | EA72: 07:00 - 16:00 | EB72: 07:00 - 16:00 | EC72: 07:00 - 16:00 | ED72: 07:00 - 16:00 | EE72: 07:00 - 16:00 | EF72: OFFWE | EG72: OFFWE | EH72: 07:00 - 16:00 | EI72: 07:00 - 16:00 | EJ72: 07:00 - 16:00 | EK72: 07:00 - 16:00 | EL72: 07:00 - 16:00 | EM72: OFF | EN72: OFF | EO72: AL | EP72: AL | EQ72: AL | ER72: AL | ES72: AL | ET72: OFF | EU72: OFF | EV72: PH | EW72: 07:00 - 16:00 | EX72: 07:00 - 16:00 | EY72: 07:00 - 16:00 | EZ72: 07:00 - 16:00 | FA72: OFFWE | FB72: OFFWE | IU72: OFFWE | IV72: OFFWE | IW72: AL | IX72: AL | IY72: AL | IZ72: AL | JA72: AL | JB72: OFFWE | JC72: OFFWE | JD72: AL | JE72: AL | JF72: AL | JG72: AL | JH72: AL | JI72: OFFWE | JJ72: OFFWE
G76: Translation calls | H76: / | I76: Timon | J76: / | K76: / | L76: Timon | M76: Timon | N76: Timon | O76: Timon | P76: Timon | Q76: / | R76: / | S76: Duc Quy | T76: Timon | U76: Timon | V76: Timon | W76: Timon | X76: / | Y76: / | Z76: Timon | AA76: Timon | AB76: Tim Nguyen | AC76: Tim Nguyen | AD76: Timon | AE76: / | AF76: / | AG76: Timon | AH76: Timon | AI76: Timon | AJ76: Timon | AK76: Timon | AL76: / | AM76: / | AN76: Timon | AO76: Timon | AP76: Timon | AQ76: Timon | AR76: Timon | AS76: / | AT76: / | AU76: Timon | AV76: Timon | AW76: Timon | AX76: Timon | AY76: Timon | AZ76: / | BA76: / | BB76: Timon | BC76: Timon | BD76: Timon | BE76: Timon | BF76: Timon | BG76: / | BH76: / | BI76: Timon | BJ76: Timon | BK76: Timon | BL76: Tim Nguyen | BM76: Tim Nguyen | BN76: / | BO76: / | BP76: Timon | BQ76: Tim Nguyen | BR76: Tim Nguyen | BS76: Tim Nguyen | BT76: Tim Nguyen | BU76: / | BV76: / | BW76: Timon Philippen | BX76: Timon Philippen | BY76: Timon Philippen | BZ76: Timon Philippen | CA76: Timon Philippen | CB76: OFFWE | CC76: OFFWE | CD76: Timon Philippen | CE76: Timon Philippen | CF76: Timon Philippen | CG76: Timon Philippen | CH76: Timon Philippen | CI76: OFFWE | CJ76: OFFWE | CK76: Tim Nguyen | CL76: Tim Nguyen | CM76: Tim Nguyen | CN76: Tim Nguyen | CO76: Tim Nguyen | CP76: OFFWE | CQ76: OFFWE | CR76: Timon Philippen | CS76: Timon Philippen | CT76: Timon Philippen | CU76: Timon Philippen | CV76: PH | CW76: OFFWE | CX76: OFFWE | CY76: PH
G77: VWIC | H77: / | I77: Kevin Haska | J77: / | K77: / | L77: / | M77: / | N77: Kevin Haska | O77: Kevin Haska | P77: Kevin Haska | Q77: Kevin Haska | R77: Kevin Haska | S77: Kevin Haska | T77: Kevin Haska | U77: Kevin Haska | V77: Kevin Haska | W77: Kevin Haska | X77: / | Y77: / | Z77: Kevin Haska | AA77: Kevin Haska | AB77: Kevin Haska | AC77: Kevin Haska | AD77: Kevin Haska | AE77: / | AF77: / | AG77: Kevin Haska | AH77: Kevin Haska | AI77: Kevin Haska | AJ77: Kevin Haska | AK77: Kevin Haska | AL77: / | AM77: / | AN77: Kevin Haska | AO77: Kevin Haska | AP77: Kevin Haska | AQ77: Kevin Haska | AR77: Kevin Haska | AS77: / | AT77: / | AU77: Kevin Haska | AV77: Kevin Haska | AW77: Kevin Haska | AX77: Kevin Haska | AY77: Kevin Haska | AZ77: / | BA77: / | BB77: Kevin Haska | BC77: Kevin Haska | BD77: Kevin Haska | BE77: Kevin Haska | BF77: Kevin Haska | BG77: / | BH77: / | BI77: Kevin Haska | BJ77: Kevin Haska | BK77: Kevin Haska | BL77: Kevin Haska | BM77: Kevin Haska | BN77: / | BO77: / | BP77: Gunter Dinkelmann | BQ77: Gunter Dinkelmann | BR77: Gunter Dinkelmann | BS77: Gunter Dinkelmann | BT77: Gunter Dinkelmann | BU77: / | BV77: / | BW77: Gunter Dinkelmann | BX77: Gunter Dinkelmann | BY77: Gunter Dinkelmann | BZ77: Gunter Dinkelmann | CA77: Gunter Dinkelmann | CB77: OFFWE | CC77: OFFWE | CD77: Gunter Dinkelmann | CE77: Gunter Dinkelmann | CF77: Gunter Dinkelmann | CG77: Gunter Dinkelmann | CH77: Gunter Dinkelmann | CI77: OFFWE | CJ77: OFFWE | CK77: Gunter Dinkelmann | CL77: Gunter Dinkelmann | CM77: Gunter Dinkelmann | CN77: Gunter Dinkelmann | CO77: Gunter Dinkelmann | CP77: OFFWE | CQ77: OFFWE | CR77: Gunter Dinkelmann | CS77: Gunter Dinkelmann | CT77: Gunter Dinkelmann | CU77: Gunter Dinkelmann | CV77: PH | CW77: OFFWE | CX77: OFFWE | CY77: PH | CZ77: Gunter Dinkelmann | DA77: Gunter Dinkelmann | DB77: Gunter Dinkelmann | DC77: Gunter Dinkelmann | DD77: OFFWE | DE77: OFFWE | DF77: Gunter Dinkelmann | DG77: Gunter Dinkelmann | DH77: Gunter Dinkelmann | DI77: Gunter Dinkelmann | DJ77: OFFWE | DK77: OFFWE
J78: / | K78: / | L78: / | M78: / | X78: / | Y78: / | AE78: / | AF78: / | AL78: / | AM78: / | AS78: / | AT78: / | AZ78: / | BA78: / | BG78: / | BH78: / | BN78: / | BO78: / | BP78: Isloodien Hurchem Lawrence | BQ78: Isloodien Hurchem Lawrence | BR78: Isloodien Hurchem Lawrence | BS78: Isloodien Hurchem Lawrence | BT78: Isloodien Hurchem Lawrence | BU78: / | BV78: / | BW78: Isloodien Hurchem Lawrence | BX78: Isloodien Hurchem Lawrence | BY78: Isloodien Hurchem Lawrence | BZ78: Isloodien Hurchem Lawrence | CA78: Isloodien Hurchem Lawrence | CB78: OFFWE | CC78: OFFWE | CD78: Isloodien Hurchem Lawrence | CE78: Isloodien Hurchem Lawrence | CF78: Isloodien Hurchem Lawrence | CG78: Isloodien Hurchem Lawrence | CH78: Isloodien Hurchem Lawrence | CI78: OFFWE | CJ78: OFFWE | CK78: Isloodien Hurchem Lawrence | CL78: Isloodien Hurchem Lawrence | CM78: Isloodien Hurchem Lawrence | CN78: Isloodien Hurchem Lawrence | CO78: Isloodien Hurchem Lawrence | CP78: OFFWE | CQ78: OFFWE | CR78: Isloodien Hurchem Lawrence | CS78: Isloodien Hurchem Lawrence | CT78: Isloodien Hurchem Lawrence | CU78: Isloodien Hurchem Lawrence | CV78: PH | CW78: OFFWE | CX78: OFFWE | CY78: PH | CZ78: Isloodien Hurchem Lawrence | DA78: Isloodien Hurchem Lawrence | DB78: Isloodien Hurchem Lawrence | DC78: Isloodien Hurchem Lawrence | DD78: OFFWE | DE78: OFFWE | DF78: Isloodien Hurchem Lawrence | DG78: Isloodien Hurchem Lawrence | DH78: Isloodien Hurchem Lawrence | DI78: Isloodien Hurchem Lawrence | DJ78: OFFWE | DK78: OFFWE
J79: / | K79: / | L79: / | M79: / | X79: / | Y79: / | AE79: / | AF79: / | AL79: / | AM79: / | AS79: / | AT79: / | AZ79: / | BA79: / | BG79: / | BH79: / | BN79: / | BO79: / | BP79: Anifa Ngcongo | BQ79: Anifa Ngcongo | BR79: Anifa Ngcongo | BS79: Anifa Ngcongo | BT79: Anifa Ngcongo | BU79: / | BV79: / | BW79: Anifa Ngcongo | BX79: Anifa Ngcongo | BY79: Anifa Ngcongo | BZ79: Anifa Ngcongo | CA79: Anifa Ngcongo | CB79: OFFWE | CC79: OFFWE | CD79: Anifa Ngcongo | CE79: Anifa Ngcongo | CF79: Anifa Ngcongo | CG79: Anifa Ngcongo | CH79: Anifa Ngcongo | CI79: OFFWE | CJ79: OFFWE | CK79: Anifa Ngcongo | CL79: Anifa Ngcongo | CM79: Anifa Ngcongo | CN79: Anifa Ngcongo | CO79: Anifa Ngcongo | CP79: OFFWE | CQ79: OFFWE | CR79: Elena Schlosser | CS79: Elena Schlosser | CT79: Elena Schlosser | CU79: Elena Schlosser | CV79: PH | CW79: OFFWE | CX79: OFFWE | CY79: PH | CZ79: Elena Schlosser | DA79: Elena Schlosser | DB79: Elena Schlosser | DC79: Elena Schlosser | DD79: OFFWE | DE79: OFFWE | DF79: Elena Schlosser | DG79: Elena Schlosser | DH79: Elena Schlosser | DI79: Elena Schlosser | DJ79: OFFWE | DK79: OFFWE
G80: vWIC Fürstenwalde | CJ80: OFFWE | CK80: Kevin Haska | CL80: Kevin Haska | CM80: Kevin Haska | CN80: Kevin Haska | CO80: Kevin Haska | CP80: OFFWE | CQ80: OFFWE | CR80: Kevin Haska | CS80: Kevin Haska | CT80: Kevin Haska | CU80: Kevin Haska | CV80: PH | CW80: OFFWE | CX80: OFFWE | CY80: PH | CZ80: Kevin Haska | DA80: Kevin Haska | DB80: Kevin Haska | DC80: Kevin Haska | DD80: OFFWE | DE80: OFFWE | DF80: Kevin Haska | DG80: Kevin Haska | DH80: Kevin Haska | DI80: Kevin Haska | DJ80: OFFWE | DK80: OFFWE
G81: Bulk PWs | H81: / | I81: Burak Kurtulmaz | J81: / | K81: / | L81: Burak Kurtulmaz | M81: Burak Kurtulmaz | N81: Burak Kurtulmaz | O81: Burak Kurtulmaz | P81: Burak Kurtulmaz | Q81: / | R81: / | S81: Burak Kurtulmaz | T81: Burak Kurtulmaz | U81: Burak Kurtulmaz | V81: Burak Kurtulmaz | W81: Burak Kurtulmaz | X81: / | Y81: / | Z81: Burak Kurtulmaz | AA81: Burak Kurtulmaz | AB81: Burak Kurtulmaz | AC81: Burak Kurtulmaz | AD81: Burak Kurtulmaz | AE81: / | AF81: / | AG81: Burak Kurtulmaz | AH81: Burak Kurtulmaz | AI81: Burak Kurtulmaz | AJ81: Burak Kurtulmaz | AK81: Burak Kurtulmaz | AL81: / | AM81: / | AN81: Burak Kurtulmaz | AO81: Burak Kurtulmaz | AP81: Burak Kurtulmaz | AQ81: Burak Kurtulmaz | AR81: Burak Kurtulmaz | AS81: / | AT81: / | AU81: Burak Kurtulmaz | AV81: Burak Kurtulmaz | AW81: Burak Kurtulmaz | AX81: Burak Kurtulmaz | AY81: Burak Kurtulmaz | AZ81: / | BA81: / | BB81: Burak Kurtulmaz | BC81: Burak Kurtulmaz | BD81: Burak Kurtulmaz | BE81: Burak Kurtulmaz | BF81: Burak Kurtulmaz | BG81: / | BH81: / | BI81: Burak Kurtulmaz | BJ81: Burak Kurtulmaz | BK81: Burak Kurtulmaz | BL81: Burak Kurtulmaz | BM81: Burak Kurtulmaz | BN81: / | BO81: / | BP81: Tim Nguyen | BQ81: Tim Nguyen | BR81: Tim Nguyen | BS81: Tim Nguyen | BT81: Tim Nguyen | BU81: / | BV81: / | BW81: Timon Philippen | BX81: Timon Philippen | BY81: Timon Philippen | BZ81: Timon Philippen | CA81: Timon Philippen | CB81: OFFWE | CC81: OFFWE | CD81: Tim Nguyen | CE81: Tim Nguyen | CF81: Burak Kurtulmaz | CG81: Burak Kurtulmaz | CH81: Burak Kurtulmaz | CI81: OFFWE | CJ81: OFFWE | CK81: Burak Kurtulmaz | CL81: Burak Kurtulmaz | CM81: Burak Kurtulmaz | CN81: Burak Kurtulmaz | CO81: Burak Kurtulmaz | CP81: OFFWE | CQ81: OFFWE | CR81: Burak Kurtulmaz | CS81: Timon Philippen | CT81: Burak Kurtulmaz | CU81: Burak Kurtulmaz | CV81: PH | CW81: OFFWE | CX81: OFFWE | CY81: PH | CZ81: Burak Kurtulmaz | DA81: Timon Philippen | DB81: Burak Kurtulmaz | DC81: Burak Kurtulmaz | DD81: OFFWE | DE81: OFFWE | DF81: Burak Kurtulmaz | DG81: Timon Philippen | DH81: Burak Kurtulmaz | DI81: Burak Kurtulmaz | DJ81: OFFWE | DK81: OFFWE
